record_key,source_type,source_id,source_sha256,report_name,generated_at_utc,period_start,period_end,granularity,row_index,row_label,normalized_row_label,column_index,column_label,billing_month,amount,currency,estimated,ingested_at_utc
abf8cd5c74305c85225e88276fedddb87c453a3c819f2e8099c339bb6d3debca,email_pdf,1a0495171b472a14,d2ef0d04d01d099c03d496cfda652950096e5c0833811b715800053b44bb36cd,Excelsior Weekly Costs,2026-08-28T17:00:00Z,2026-08-21,2026-08-27,weekly_report,0,Total costs,Total costs,0,Total,,20.45,USD,false,2026-08-28T17:23:45Z
888b7e52399481ac77c4414aad2b8d6449cb827c6e9c27755e22a219242207d5,email_pdf,1a0495171b472a14,d2ef0d04d01d099c03d496cfda652950096e5c0833811b715800053b44bb36cd,Excelsior Weekly Costs,2026-08-28T17:00:00Z,2026-08-21,2026-08-27,weekly_report,0,Total costs,Total costs,1,Aug 2026*,2026-08,20.45,USD,true,2026-08-28T17:23:45Z
d4e627b1d5a553dd968f5afaeef0a3eb10affc30eef6422cd616b9eb9ad4f6df,email_pdf,1a0495171b472a14,d2ef0d04d01d099c03d496cfda652950096e5c0833811b715800053b44bb36cd,Excelsior Weekly Costs,2026-08-28T17:00:00Z,2026-08-21,2026-08-27,weekly_report,1,EC2 Container Regi...,Amazon EC2 Container Registry (ECR),0,Total,,11.73,USD,false,2026-08-28T17:23:45Z
753bb4190ab55c0c5fd013071f670e28983c7834ea52dd6f3489f8586da17969,email_pdf,1a0495171b472a14,d2ef0d04d01d099c03d496cfda652950096e5c0833811b715800053b44bb36cd,Excelsior Weekly Costs,2026-08-28T17:00:00Z,2026-08-21,2026-08-27,weekly_report,1,EC2 Container Regi...,Amazon EC2 Container Registry (ECR),1,Aug 2026*,2026-08,11.73,USD,true,2026-08-28T17:23:45Z
03966a7765b443efb8c7e8a8ab4ef9f72300be647f5165afe819ff344b07d5f3,email_pdf,1a0495171b472a14,d2ef0d04d01d099c03d496cfda652950096e5c0833811b715800053b44bb36cd,Excelsior Weekly Costs,2026-08-28T17:00:00Z,2026-08-21,2026-08-27,weekly_report,2,Relational Databas...,Amazon Relational Database Service,0,Total,,3.29,USD,false,2026-08-28T17:23:45Z
74c3453426036c18a486f9c82252ea1f0b8f0c16ff3fee19f1e7717eaa573b34,email_pdf,1a0495171b472a14,d2ef0d04d01d099c03d496cfda652950096e5c0833811b715800053b44bb36cd,Excelsior Weekly Costs,2026-08-28T17:00:00Z,2026-08-21,2026-08-27,weekly_report,2,Relational Databas...,Amazon Relational Database Service,1,Aug 2026*,2026-08,3.29,USD,true,2026-08-28T17:23:45Z
56b7fdc937400fbc91a7ec973fa35294a245a190520655bd3184094f2522e43a,email_pdf,1a0495171b472a14,d2ef0d04d01d099c03d496cfda652950096e5c0833811b715800053b44bb36cd,Excelsior Weekly Costs,2026-08-28T17:00:00Z,2026-08-21,2026-08-27,weekly_report,3,Virtual Private Cl...,Amazon Virtual Private Cloud,0,Total,,2.52,USD,false,2026-08-28T17:23:45Z
0aa92e3aab7e5633d60dbf5338bbaf6a7abfcf6e89ab0e0424282390224058c5,email_pdf,1a0495171b472a14,d2ef0d04d01d099c03d496cfda652950096e5c0833811b715800053b44bb36cd,Excelsior Weekly Costs,2026-08-28T17:00:00Z,2026-08-21,2026-08-27,weekly_report,3,Virtual Private Cl...,Amazon Virtual Private Cloud,1,Aug 2026*,2026-08,2.52,USD,true,2026-08-28T17:23:45Z
9c5317ce159da8c5cb6bba31ffc9d52725e8f6cd56dcfbaf42331b2efdc19247,email_pdf,1a0495171b472a14,d2ef0d04d01d099c03d496cfda652950096e5c0833811b715800053b44bb36cd,Excelsior Weekly Costs,2026-08-28T17:00:00Z,2026-08-21,2026-08-27,weekly_report,4,Elastic Compute Cl...,Amazon Elastic Compute Cloud - Compute,0,Total,,1.95,USD,false,2026-08-28T17:23:45Z
b423ff0e889fab784b9ef990143cf96fcd3b64b7c09a5032f60c91dbe98cd1c2,email_pdf,1a0495171b472a14,d2ef0d04d01d099c03d496cfda652950096e5c0833811b715800053b44bb36cd,Excelsior Weekly Costs,2026-08-28T17:00:00Z,2026-08-21,2026-08-27,weekly_report,4,Elastic Compute Cl...,Amazon Elastic Compute Cloud - Compute,1,Aug 2026*,2026-08,1.95,USD,true,2026-08-28T17:23:45Z
45de5ec51efe59eb272c9ca086910499fc3ba54959d6551df3fe73435d35a952,aws_cost_explorer,ce:UnblendedCost:SERVICE:DAILY:2026-08-01:2026-08-29,a0558b121de4035743f2d74d83298ed85f5e645854b8ca85cb40bd2e2823caea,AWS Cost Explorer backfill,,2026-08-01,2026-08-02,daily,0,Total costs,Total costs,0,UnblendedCost,2026-08,3.3636378709,USD,true,2026-08-28T17:23:45Z
9cf7775ef465e2b39c79aa34a63549568bd8d2114a20a7d9174f2b70b2de148e,aws_cost_explorer,ce:UnblendedCost:SERVICE:DAILY:2026-08-01:2026-08-29,a0558b121de4035743f2d74d83298ed85f5e645854b8ca85cb40bd2e2823caea,AWS Cost Explorer backfill,,2026-08-01,2026-08-02,daily,1,Amazon CloudFront,Amazon CloudFront,0,UnblendedCost,2026-08,0.000023943,USD,true,2026-08-28T17:23:45Z
d1374d6d25beec976c5f834b9e4882254996f167bf13c410d7eaf8534499667b,aws_cost_explorer,ce:UnblendedCost:SERVICE:DAILY:2026-08-01:2026-08-29,a0558b121de4035743f2d74d83298ed85f5e645854b8ca85cb40bd2e2823caea,AWS Cost Explorer backfill,,2026-08-01,2026-08-02,daily,2,Amazon EC2 Container Registry (ECR),Amazon EC2 Container Registry (ECR),0,UnblendedCost,2026-08,1.6574773511,USD,true,2026-08-28T17:23:45Z
415501fe79c87ac8ce8ad662556b6fb7109bf629166449467c58dc83ff75a2cc,aws_cost_explorer,ce:UnblendedCost:SERVICE:DAILY:2026-08-01:2026-08-29,a0558b121de4035743f2d74d83298ed85f5e645854b8ca85cb40bd2e2823caea,AWS Cost Explorer backfill,,2026-08-01,2026-08-02,daily,3,Amazon Elastic Compute Cloud - Compute,Amazon Elastic Compute Cloud - Compute,0,UnblendedCost,2026-08,0.2784,USD,true,2026-08-28T17:23:45Z
71fac4d5735e91e3d1fd7254db7159eb30285a2608f75326df45e12725860666,aws_cost_explorer,ce:UnblendedCost:SERVICE:DAILY:2026-08-01:2026-08-29,a0558b121de4035743f2d74d83298ed85f5e645854b8ca85cb40bd2e2823caea,AWS Cost Explorer backfill,,2026-08-01,2026-08-02,daily,4,Amazon Relational Database Service,Amazon Relational Database Service,0,UnblendedCost,2026-08,0.470536654,USD,true,2026-08-28T17:23:45Z
5593eb2507f191d7152580796c6fa5f38a76e3c671d0c790ea77c71545db1606,aws_cost_explorer,ce:UnblendedCost:SERVICE:DAILY:2026-08-01:2026-08-29,a0558b121de4035743f2d74d83298ed85f5e645854b8ca85cb40bd2e2823caea,AWS Cost Explorer backfill,,2026-08-01,2026-08-02,daily,5,Amazon Route 53,Amazon Route 53,0,UnblendedCost,2026-08,0.5021548,USD,true,2026-08-28T17:23:45Z
95c1b1b4833ddef8123c1657247bc2b05acb6a52193839d5084294a559975e6e,aws_cost_explorer,ce:UnblendedCost:SERVICE:DAILY:2026-08-01:2026-08-29,a0558b121de4035743f2d74d83298ed85f5e645854b8ca85cb40bd2e2823caea,AWS Cost Explorer backfill,,2026-08-01,2026-08-02,daily,6,Amazon Simple Storage Service,Amazon Simple Storage Service,0,UnblendedCost,2026-08,0.017625716,USD,true,2026-08-28T17:23:45Z
09640081a642d76e3ed42c0b76e22dfd0e005f6895d8e4f4ab411a6feecd35ac,aws_cost_explorer,ce:UnblendedCost:SERVICE:DAILY:2026-08-01:2026-08-29,a0558b121de4035743f2d74d83298ed85f5e645854b8ca85cb40bd2e2823caea,AWS Cost Explorer backfill,,2026-08-01,2026-08-02,daily,7,Amazon Virtual Private Cloud,Amazon Virtual Private Cloud,0,UnblendedCost,2026-08,0.36,USD,true,2026-08-28T17:23:45Z
3e05a0db8f5f685a0cce8636401bff26922c1df2b2ab3580f26286da7e26861f,aws_cost_explorer,ce:UnblendedCost:SERVICE:DAILY:2026-08-01:2026-08-29,a0558b121de4035743f2d74d83298ed85f5e645854b8ca85cb40bd2e2823caea,AWS Cost Explorer backfill,,2026-08-01,2026-08-02,daily,8,EC2 - Other,EC2 - Other,0,UnblendedCost,2026-08,0.0774194068,USD,true,2026-08-28T17:23:45Z
298580c34409caeea5cd37378403d4145115690f447b8eccb28806b03c405c34,aws_cost_explorer,ce:UnblendedCost:SERVICE:DAILY:2026-08-01:2026-08-29,a0558b121de4035743f2d74d83298ed85f5e645854b8ca85cb40bd2e2823caea,AWS Cost Explorer backfill,,2026-08-02,2026-08-03,daily,0,Total costs,Total costs,0,UnblendedCost,2026-08,2.8487325133,USD,true,2026-08-28T17:23:45Z
977e9ddd92b7d6672196af55ba8552025184fe74b7c74d0e9c423a50fc3e1621,aws_cost_explorer,ce:UnblendedCost:SERVICE:DAILY:2026-08-01:2026-08-29,a0558b121de4035743f2d74d83298ed85f5e645854b8ca85cb40bd2e2823caea,AWS Cost Explorer backfill,,2026-08-02,2026-08-03,daily,1,Amazon CloudFront,Amazon CloudFront,0,UnblendedCost,2026-08,0.0000545162,USD,true,2026-08-28T17:23:45Z
e1c06e81e8eac871bfb55b033a8f9b0caf42d0dbb116bb36276a375a54b031db,aws_cost_explorer,ce:UnblendedCost:SERVICE:DAILY:2026-08-01:2026-08-29,a0558b121de4035743f2d74d83298ed85f5e645854b8ca85cb40bd2e2823caea,AWS Cost Explorer backfill,,2026-08-02,2026-08-03,daily,2,Amazon EC2 Container Registry (ECR),Amazon EC2 Container Registry (ECR),0,UnblendedCost,2026-08,1.6586940912,USD,true,2026-08-28T17:23:45Z
d53d5d98229514dbe5d762bcdefb539fb55f613a9924093b0fdc2df83d387aef,aws_cost_explorer,ce:UnblendedCost:SERVICE:DAILY:2026-08-01:2026-08-29,a0558b121de4035743f2d74d83298ed85f5e645854b8ca85cb40bd2e2823caea,AWS Cost Explorer backfill,,2026-08-02,2026-08-03,daily,3,Amazon Elastic Compute Cloud - Compute,Amazon Elastic Compute Cloud - Compute,0,UnblendedCost,2026-08,0.2784,USD,true,2026-08-28T17:23:45Z
1fec29e4df8185c920d7de13634b1bff2a1b1c5394353be07a7c1937549996cd,aws_cost_explorer,ce:UnblendedCost:SERVICE:DAILY:2026-08-01:2026-08-29,a0558b121de4035743f2d74d83298ed85f5e645854b8ca85cb40bd2e2823caea,AWS Cost Explorer backfill,,2026-08-02,2026-08-03,daily,4,Amazon Relational Database Service,Amazon Relational Database Service,0,UnblendedCost,2026-08,0.4705611567,USD,true,2026-08-28T17:23:45Z
cbc0126207ed56cee5f3b250a12023213c65626d924f8613105fec454a7dd872,aws_cost_explorer,ce:UnblendedCost:SERVICE:DAILY:2026-08-01:2026-08-29,a0558b121de4035743f2d74d83298ed85f5e645854b8ca85cb40bd2e2823caea,AWS Cost Explorer backfill,,2026-08-02,2026-08-03,daily,5,Amazon Route 53,Amazon Route 53,0,UnblendedCost,2026-08,0.0018812,USD,true,2026-08-28T17:23:45Z
9bbfdf134e84b592ef6f3af0d254e9192ffc04f8bc7deb58ddce817532156273,aws_cost_explorer,ce:UnblendedCost:SERVICE:DAILY:2026-08-01:2026-08-29,a0558b121de4035743f2d74d83298ed85f5e645854b8ca85cb40bd2e2823caea,AWS Cost Explorer backfill,,2026-08-02,2026-08-03,daily,6,Amazon Simple Storage Service,Amazon Simple Storage Service,0,UnblendedCost,2026-08,0.0017219031,USD,true,2026-08-28T17:23:45Z
57fec53d09780534f959802733dc17f4a8b174130d13fe8daa0801a5b5d599cd,aws_cost_explorer,ce:UnblendedCost:SERVICE:DAILY:2026-08-01:2026-08-29,a0558b121de4035743f2d74d83298ed85f5e645854b8ca85cb40bd2e2823caea,AWS Cost Explorer backfill,,2026-08-02,2026-08-03,daily,7,Amazon Virtual Private Cloud,Amazon Virtual Private Cloud,0,UnblendedCost,2026-08,0.36,USD,true,2026-08-28T17:23:45Z
f3308bc9f9a8f337826366389a2b9f7ecffa7dabc42c10a5ac7a7ceb3fc2949a,aws_cost_explorer,ce:UnblendedCost:SERVICE:DAILY:2026-08-01:2026-08-29,a0558b121de4035743f2d74d83298ed85f5e645854b8ca85cb40bd2e2823caea,AWS Cost Explorer backfill,,2026-08-02,2026-08-03,daily,8,EC2 - Other,EC2 - Other,0,UnblendedCost,2026-08,0.0774196461,USD,true,2026-08-28T17:23:45Z
beebff534ad72de1215563d923d60ddb6cd928efb9b39f80f0a28cfc6b7d56b1,aws_cost_explorer,ce:UnblendedCost:SERVICE:DAILY:2026-08-01:2026-08-29,a0558b121de4035743f2d74d83298ed85f5e645854b8ca85cb40bd2e2823caea,AWS Cost Explorer backfill,,2026-08-03,2026-08-04,daily,0,Total costs,Total costs,0,UnblendedCost,2026-08,2.8483130859,USD,true,2026-08-28T17:23:45Z
6a5b26644415d762b5061b779f1d42090fe2ab6bb89dca184493f1789b6abf3d,aws_cost_explorer,ce:UnblendedCost:SERVICE:DAILY:2026-08-01:2026-08-29,a0558b121de4035743f2d74d83298ed85f5e645854b8ca85cb40bd2e2823caea,AWS Cost Explorer backfill,,2026-08-03,2026-08-04,daily,1,Amazon CloudFront,Amazon CloudFront,0,UnblendedCost,2026-08,0.0001033702,USD,true,2026-08-28T17:23:45Z
987b456b7b33d42dd006287065cc194c2b6e796b1f878e82a1d897dec8c48241,aws_cost_explorer,ce:UnblendedCost:SERVICE:DAILY:2026-08-01:2026-08-29,a0558b121de4035743f2d74d83298ed85f5e645854b8ca85cb40bd2e2823caea,AWS Cost Explorer backfill,,2026-08-03,2026-08-04,daily,2,Amazon EC2 Container Registry (ECR),Amazon EC2 Container Registry (ECR),0,UnblendedCost,2026-08,1.6586940912,USD,true,2026-08-28T17:23:45Z
26a23879ab3a6224d06ab9d95d9e662acdfc14e4eb49afb315fc12cf28c52a3e,aws_cost_explorer,ce:UnblendedCost:SERVICE:DAILY:2026-08-01:2026-08-29,a0558b121de4035743f2d74d83298ed85f5e645854b8ca85cb40bd2e2823caea,AWS Cost Explorer backfill,,2026-08-03,2026-08-04,daily,3,Amazon Elastic Compute Cloud - Compute,Amazon Elastic Compute Cloud - Compute,0,UnblendedCost,2026-08,0.2784,USD,true,2026-08-28T17:23:45Z
9c8eba4087523040dbd334053dec37daf6800f4f03b38bd1eef9113f9b613356,aws_cost_explorer,ce:UnblendedCost:SERVICE:DAILY:2026-08-01:2026-08-29,a0558b121de4035743f2d74d83298ed85f5e645854b8ca85cb40bd2e2823caea,AWS Cost Explorer backfill,,2026-08-03,2026-08-04,daily,4,Amazon Relational Database Service,Amazon Relational Database Service,0,UnblendedCost,2026-08,0.4706523091,USD,true,2026-08-28T17:23:45Z
eea709b2216364d0a1c6565ee44555fd505f3cbd6a85f89eb38df821859f039a,aws_cost_explorer,ce:UnblendedCost:SERVICE:DAILY:2026-08-01:2026-08-29,a0558b121de4035743f2d74d83298ed85f5e645854b8ca85cb40bd2e2823caea,AWS Cost Explorer backfill,,2026-08-03,2026-08-04,daily,5,Amazon Route 53,Amazon Route 53,0,UnblendedCost,2026-08,0.0014656,USD,true,2026-08-28T17:23:45Z
783b8314a596c943804ef27c0bcc5a96a83b85cf92f52bd3e7829fad09845760,aws_cost_explorer,ce:UnblendedCost:SERVICE:DAILY:2026-08-01:2026-08-29,a0558b121de4035743f2d74d83298ed85f5e645854b8ca85cb40bd2e2823caea,AWS Cost Explorer backfill,,2026-08-03,2026-08-04,daily,6,Amazon Simple Storage Service,Amazon Simple Storage Service,0,UnblendedCost,2026-08,0.0015783031,USD,true,2026-08-28T17:23:45Z
3f2b748961fb11bbca8e26c4de541cebdee47f099576b1be6c139b3ca72aacdc,aws_cost_explorer,ce:UnblendedCost:SERVICE:DAILY:2026-08-01:2026-08-29,a0558b121de4035743f2d74d83298ed85f5e645854b8ca85cb40bd2e2823caea,AWS Cost Explorer backfill,,2026-08-03,2026-08-04,daily,7,Amazon Virtual Private Cloud,Amazon Virtual Private Cloud,0,UnblendedCost,2026-08,0.36,USD,true,2026-08-28T17:23:45Z
a0e25e392df01762fed15072bb7266fbcdea3c7d218e7a8c6eaf2b7e098c2a75,aws_cost_explorer,ce:UnblendedCost:SERVICE:DAILY:2026-08-01:2026-08-29,a0558b121de4035743f2d74d83298ed85f5e645854b8ca85cb40bd2e2823caea,AWS Cost Explorer backfill,,2026-08-03,2026-08-04,daily,8,EC2 - Other,EC2 - Other,0,UnblendedCost,2026-08,0.0774194123,USD,true,2026-08-28T17:23:45Z
caebc3299c6648be87702b9178c733210a4b762ebcb049866b005e333d0bc334,aws_cost_explorer,ce:UnblendedCost:SERVICE:DAILY:2026-08-01:2026-08-29,a0558b121de4035743f2d74d83298ed85f5e645854b8ca85cb40bd2e2823caea,AWS Cost Explorer backfill,,2026-08-04,2026-08-05,daily,0,Total costs,Total costs,0,UnblendedCost,2026-08,2.8488062293,USD,true,2026-08-28T17:23:45Z
929015887420b35f7d29b3614550225734918ece0aaf13d387e72724430d8476,aws_cost_explorer,ce:UnblendedCost:SERVICE:DAILY:2026-08-01:2026-08-29,a0558b121de4035743f2d74d83298ed85f5e645854b8ca85cb40bd2e2823caea,AWS Cost Explorer backfill,,2026-08-04,2026-08-05,daily,1,Amazon CloudFront,Amazon CloudFront,0,UnblendedCost,2026-08,0.000049816,USD,true,2026-08-28T17:23:45Z
5297940d1c9046f863566d0aec060cfda0741461f2fe78c98abbe347238b8875,aws_cost_explorer,ce:UnblendedCost:SERVICE:DAILY:2026-08-01:2026-08-29,a0558b121de4035743f2d74d83298ed85f5e645854b8ca85cb40bd2e2823caea,AWS Cost Explorer backfill,,2026-08-04,2026-08-05,daily,2,Amazon EC2 Container Registry (ECR),Amazon EC2 Container Registry (ECR),0,UnblendedCost,2026-08,1.6586940912,USD,true,2026-08-28T17:23:45Z
b354516fba753b8dc854fd5065b3e883ebc2100a1a25edf36d61e96736936f0b,aws_cost_explorer,ce:UnblendedCost:SERVICE:DAILY:2026-08-01:2026-08-29,a0558b121de4035743f2d74d83298ed85f5e645854b8ca85cb40bd2e2823caea,AWS Cost Explorer backfill,,2026-08-04,2026-08-05,daily,3,Amazon Elastic Compute Cloud - Compute,Amazon Elastic Compute Cloud - Compute,0,UnblendedCost,2026-08,0.2784,USD,true,2026-08-28T17:23:45Z
1369194c8cb01da395ceefc99fcc3ffa68d7b513c3f7f17d00ec3f3980b83f83,aws_cost_explorer,ce:UnblendedCost:SERVICE:DAILY:2026-08-01:2026-08-29,a0558b121de4035743f2d74d83298ed85f5e645854b8ca85cb40bd2e2823caea,AWS Cost Explorer backfill,,2026-08-04,2026-08-05,daily,4,Amazon Relational Database Service,Amazon Relational Database Service,0,UnblendedCost,2026-08,0.4707442097,USD,true,2026-08-28T17:23:45Z
765ec920853664f00d351f50db5af5a00e7b2f8bc160d131b7669c68e86932f1,aws_cost_explorer,ce:UnblendedCost:SERVICE:DAILY:2026-08-01:2026-08-29,a0558b121de4035743f2d74d83298ed85f5e645854b8ca85cb40bd2e2823caea,AWS Cost Explorer backfill,,2026-08-04,2026-08-05,daily,5,Amazon Route 53,Amazon Route 53,0,UnblendedCost,2026-08,0.0018088,USD,true,2026-08-28T17:23:45Z
0c291fb66efb25ad80df388a3eaf8fd561fafbd168c6a723d2d6308e54823bd6,aws_cost_explorer,ce:UnblendedCost:SERVICE:DAILY:2026-08-01:2026-08-29,a0558b121de4035743f2d74d83298ed85f5e645854b8ca85cb40bd2e2823caea,AWS Cost Explorer backfill,,2026-08-04,2026-08-05,daily,6,Amazon Simple Storage Service,Amazon Simple Storage Service,0,UnblendedCost,2026-08,0.0016899031,USD,true,2026-08-28T17:23:45Z
1644232a2bdf4e21d4dc9f518484d022b7b45f6a409838dec26a117e89576749,aws_cost_explorer,ce:UnblendedCost:SERVICE:DAILY:2026-08-01:2026-08-29,a0558b121de4035743f2d74d83298ed85f5e645854b8ca85cb40bd2e2823caea,AWS Cost Explorer backfill,,2026-08-04,2026-08-05,daily,7,Amazon Virtual Private Cloud,Amazon Virtual Private Cloud,0,UnblendedCost,2026-08,0.36,USD,true,2026-08-28T17:23:45Z
5401634114d5e77b078e5e35070a465c2fc4e48fd0f8c56bdc132db8fc38e00a,aws_cost_explorer,ce:UnblendedCost:SERVICE:DAILY:2026-08-01:2026-08-29,a0558b121de4035743f2d74d83298ed85f5e645854b8ca85cb40bd2e2823caea,AWS Cost Explorer backfill,,2026-08-04,2026-08-05,daily,8,EC2 - Other,EC2 - Other,0,UnblendedCost,2026-08,0.0774194093,USD,true,2026-08-28T17:23:45Z
ac6e4b85d7e309795f15b9ad3a4b26fd0c142cf44baf59ab2bf47b63ae02a31d,aws_cost_explorer,ce:UnblendedCost:SERVICE:DAILY:2026-08-01:2026-08-29,a0558b121de4035743f2d74d83298ed85f5e645854b8ca85cb40bd2e2823caea,AWS Cost Explorer backfill,,2026-08-05,2026-08-06,daily,0,Total costs,Total costs,0,UnblendedCost,2026-08,2.8486171194,USD,true,2026-08-28T17:23:45Z
dcf7f91afaaec32e81cc34260cc02764ecdc32ea58a6136bba65345ba4885dec,aws_cost_explorer,ce:UnblendedCost:SERVICE:DAILY:2026-08-01:2026-08-29,a0558b121de4035743f2d74d83298ed85f5e645854b8ca85cb40bd2e2823caea,AWS Cost Explorer backfill,,2026-08-05,2026-08-06,daily,1,Amazon CloudFront,Amazon CloudFront,0,UnblendedCost,2026-08,0.0000099052,USD,true,2026-08-28T17:23:45Z
235efa783ab00178308be5c16359ee157df49cccca092be8b5f80ef50efaf51d,aws_cost_explorer,ce:UnblendedCost:SERVICE:DAILY:2026-08-01:2026-08-29,a0558b121de4035743f2d74d83298ed85f5e645854b8ca85cb40bd2e2823caea,AWS Cost Explorer backfill,,2026-08-05,2026-08-06,daily,2,Amazon EC2 Container Registry (ECR),Amazon EC2 Container Registry (ECR),0,UnblendedCost,2026-08,1.6586940912,USD,true,2026-08-28T17:23:45Z
3371f8553ef5b0016456686066963695fa78757019173d854da5049977788ab3,aws_cost_explorer,ce:UnblendedCost:SERVICE:DAILY:2026-08-01:2026-08-29,a0558b121de4035743f2d74d83298ed85f5e645854b8ca85cb40bd2e2823caea,AWS Cost Explorer backfill,,2026-08-05,2026-08-06,daily,3,Amazon Elastic Compute Cloud - Compute,Amazon Elastic Compute Cloud - Compute,0,UnblendedCost,2026-08,0.2784,USD,true,2026-08-28T17:23:45Z
eb6c0d4cefd0698a0cc6d36501a7bc86657db4df743b49db96684f5951dc9d98,aws_cost_explorer,ce:UnblendedCost:SERVICE:DAILY:2026-08-01:2026-08-29,a0558b121de4035743f2d74d83298ed85f5e645854b8ca85cb40bd2e2823caea,AWS Cost Explorer backfill,,2026-08-05,2026-08-06,daily,4,Amazon Relational Database Service,Amazon Relational Database Service,0,UnblendedCost,2026-08,0.4708576825,USD,true,2026-08-28T17:23:45Z
01b20ba0511b1251a2bb513e3cde62f3399b2df972a6bb662bb93310e9f5da36,aws_cost_explorer,ce:UnblendedCost:SERVICE:DAILY:2026-08-01:2026-08-29,a0558b121de4035743f2d74d83298ed85f5e645854b8ca85cb40bd2e2823caea,AWS Cost Explorer backfill,,2026-08-05,2026-08-06,daily,5,Amazon Route 53,Amazon Route 53,0,UnblendedCost,2026-08,0.0015664,USD,true,2026-08-28T17:23:45Z
56d6f6c0e5b2c79c8884209c9c2905ebf4db69f140db28cf731af35bf5959adc,aws_cost_explorer,ce:UnblendedCost:SERVICE:DAILY:2026-08-01:2026-08-29,a0558b121de4035743f2d74d83298ed85f5e645854b8ca85cb40bd2e2823caea,AWS Cost Explorer backfill,,2026-08-05,2026-08-06,daily,6,Amazon Simple Storage Service,Amazon Simple Storage Service,0,UnblendedCost,2026-08,0.0016695031,USD,true,2026-08-28T17:23:45Z
77f2b63916ca7467139bbd63f3a71a9239a65251e7270c8859d763a5ddf6116a,aws_cost_explorer,ce:UnblendedCost:SERVICE:DAILY:2026-08-01:2026-08-29,a0558b121de4035743f2d74d83298ed85f5e645854b8ca85cb40bd2e2823caea,AWS Cost Explorer backfill,,2026-08-05,2026-08-06,daily,7,Amazon Virtual Private Cloud,Amazon Virtual Private Cloud,0,UnblendedCost,2026-08,0.36,USD,true,2026-08-28T17:23:45Z
491ed57af465363b9a6d3b245d91afcc2eeadd0a349e00bc7d812b4a4c254ff3,aws_cost_explorer,ce:UnblendedCost:SERVICE:DAILY:2026-08-01:2026-08-29,a0558b121de4035743f2d74d83298ed85f5e645854b8ca85cb40bd2e2823caea,AWS Cost Explorer backfill,,2026-08-05,2026-08-06,daily,8,EC2 - Other,EC2 - Other,0,UnblendedCost,2026-08,0.0774195374,USD,true,2026-08-28T17:23:45Z
b71531da3fa523eb38d308f9bd189453f0b2911791083646bc07f2edb6d3949c,aws_cost_explorer,ce:UnblendedCost:SERVICE:DAILY:2026-08-01:2026-08-29,a0558b121de4035743f2d74d83298ed85f5e645854b8ca85cb40bd2e2823caea,AWS Cost Explorer backfill,,2026-08-06,2026-08-07,daily,0,Total costs,Total costs,0,UnblendedCost,2026-08,2.848186162,USD,true,2026-08-28T17:23:45Z
07823af9ce1c731d22aaf5129e6b01a9ffeb5854eeabc57b19e4985176b844f1,aws_cost_explorer,ce:UnblendedCost:SERVICE:DAILY:2026-08-01:2026-08-29,a0558b121de4035743f2d74d83298ed85f5e645854b8ca85cb40bd2e2823caea,AWS Cost Explorer backfill,,2026-08-06,2026-08-07,daily,1,Amazon CloudFront,Amazon CloudFront,0,UnblendedCost,2026-08,0.0000120199,USD,true,2026-08-28T17:23:45Z
efffd427f8d0b128277958bd85d59202a387b12638ba9a0cfa5e5e0fc56c675d,aws_cost_explorer,ce:UnblendedCost:SERVICE:DAILY:2026-08-01:2026-08-29,a0558b121de4035743f2d74d83298ed85f5e645854b8ca85cb40bd2e2823caea,AWS Cost Explorer backfill,,2026-08-06,2026-08-07,daily,2,Amazon EC2 Container Registry (ECR),Amazon EC2 Container Registry (ECR),0,UnblendedCost,2026-08,1.6586940912,USD,true,2026-08-28T17:23:45Z
069cbf9708c99479509f4b71bf4d632679fa88f9f7bc84d88c79bc2bd3a912a2,aws_cost_explorer,ce:UnblendedCost:SERVICE:DAILY:2026-08-01:2026-08-29,a0558b121de4035743f2d74d83298ed85f5e645854b8ca85cb40bd2e2823caea,AWS Cost Explorer backfill,,2026-08-06,2026-08-07,daily,3,Amazon Elastic Compute Cloud - Compute,Amazon Elastic Compute Cloud - Compute,0,UnblendedCost,2026-08,0.2784,USD,true,2026-08-28T17:23:45Z
93e7b87e1f0a5c676ba392d6789940fc4f4d3efa0657baf8e4d35163ffb0ecc5,aws_cost_explorer,ce:UnblendedCost:SERVICE:DAILY:2026-08-01:2026-08-29,a0558b121de4035743f2d74d83298ed85f5e645854b8ca85cb40bd2e2823caea,AWS Cost Explorer backfill,,2026-08-06,2026-08-07,daily,4,Amazon Relational Database Service,Amazon Relational Database Service,0,UnblendedCost,2026-08,0.4708989568,USD,true,2026-08-28T17:23:45Z
2353c2c0dd2d0dc63e8835e180d1bc8a8490d867b101a7b89f6e4757035423e1,aws_cost_explorer,ce:UnblendedCost:SERVICE:DAILY:2026-08-01:2026-08-29,a0558b121de4035743f2d74d83298ed85f5e645854b8ca85cb40bd2e2823caea,AWS Cost Explorer backfill,,2026-08-06,2026-08-07,daily,5,Amazon Route 53,Amazon Route 53,0,UnblendedCost,2026-08,0.0010752,USD,true,2026-08-28T17:23:45Z
5827bbb0ab0cbd2584828e4fcc137da8f8a9a9059eccec4917300a1bdcf201ed,aws_cost_explorer,ce:UnblendedCost:SERVICE:DAILY:2026-08-01:2026-08-29,a0558b121de4035743f2d74d83298ed85f5e645854b8ca85cb40bd2e2823caea,AWS Cost Explorer backfill,,2026-08-06,2026-08-07,daily,6,Amazon Simple Storage Service,Amazon Simple Storage Service,0,UnblendedCost,2026-08,0.001686116,USD,true,2026-08-28T17:23:45Z
a9c84d8c99a2713847f47984a51621cb9ee4811712f02307c170c9ba6936decf,aws_cost_explorer,ce:UnblendedCost:SERVICE:DAILY:2026-08-01:2026-08-29,a0558b121de4035743f2d74d83298ed85f5e645854b8ca85cb40bd2e2823caea,AWS Cost Explorer backfill,,2026-08-06,2026-08-07,daily,7,Amazon Virtual Private Cloud,Amazon Virtual Private Cloud,0,UnblendedCost,2026-08,0.36,USD,true,2026-08-28T17:23:45Z
7b100f9c451ce18e5277825a8eaf0243cc0a5b2a3400feeb1aacfca8465b4e03,aws_cost_explorer,ce:UnblendedCost:SERVICE:DAILY:2026-08-01:2026-08-29,a0558b121de4035743f2d74d83298ed85f5e645854b8ca85cb40bd2e2823caea,AWS Cost Explorer backfill,,2026-08-06,2026-08-07,daily,8,EC2 - Other,EC2 - Other,0,UnblendedCost,2026-08,0.0774197781,USD,true,2026-08-28T17:23:45Z
b309b6517bbc20ac406a357d16356884e0ed028fcbe5ad8447fd3546ec2f8268,aws_cost_explorer,ce:UnblendedCost:SERVICE:DAILY:2026-08-01:2026-08-29,a0558b121de4035743f2d74d83298ed85f5e645854b8ca85cb40bd2e2823caea,AWS Cost Explorer backfill,,2026-08-07,2026-08-08,daily,0,Total costs,Total costs,0,UnblendedCost,2026-08,2.8487518658,USD,true,2026-08-28T17:23:45Z
8a08595c283fadae6af5fab57dbfcbe5fa3eb357779edb17649b0a3c8ebce7d3,aws_cost_explorer,ce:UnblendedCost:SERVICE:DAILY:2026-08-01:2026-08-29,a0558b121de4035743f2d74d83298ed85f5e645854b8ca85cb40bd2e2823caea,AWS Cost Explorer backfill,,2026-08-07,2026-08-08,daily,1,Amazon CloudFront,Amazon CloudFront,0,UnblendedCost,2026-08,0.0000115291,USD,true,2026-08-28T17:23:45Z
5915649428fb74f3f158e9121e76f343855e850cda6ac8b896279d2ca481ef5a,aws_cost_explorer,ce:UnblendedCost:SERVICE:DAILY:2026-08-01:2026-08-29,a0558b121de4035743f2d74d83298ed85f5e645854b8ca85cb40bd2e2823caea,AWS Cost Explorer backfill,,2026-08-07,2026-08-08,daily,2,Amazon EC2 Container Registry (ECR),Amazon EC2 Container Registry (ECR),0,UnblendedCost,2026-08,1.6586940912,USD,true,2026-08-28T17:23:45Z
eb5f627b4d007b789a77a0cb4829bced4637acedca33effd09fe297d72882740,aws_cost_explorer,ce:UnblendedCost:SERVICE:DAILY:2026-08-01:2026-08-29,a0558b121de4035743f2d74d83298ed85f5e645854b8ca85cb40bd2e2823caea,AWS Cost Explorer backfill,,2026-08-07,2026-08-08,daily,3,Amazon Elastic Compute Cloud - Compute,Amazon Elastic Compute Cloud - Compute,0,UnblendedCost,2026-08,0.2784,USD,true,2026-08-28T17:23:45Z
a9f6ca50e823589be910f49be8f6577a76b96fcab844802b711ebbecdfeebdd1,aws_cost_explorer,ce:UnblendedCost:SERVICE:DAILY:2026-08-01:2026-08-29,a0558b121de4035743f2d74d83298ed85f5e645854b8ca85cb40bd2e2823caea,AWS Cost Explorer backfill,,2026-08-07,2026-08-08,daily,4,Amazon Relational Database Service,Amazon Relational Database Service,0,UnblendedCost,2026-08,0.4708834322,USD,true,2026-08-28T17:23:45Z
2bf7b4752a3533b64c622dc37f0acbb71cc4816b3cf8bca58893cd0655ef07c6,aws_cost_explorer,ce:UnblendedCost:SERVICE:DAILY:2026-08-01:2026-08-29,a0558b121de4035743f2d74d83298ed85f5e645854b8ca85cb40bd2e2823caea,AWS Cost Explorer backfill,,2026-08-07,2026-08-08,daily,5,Amazon Route 53,Amazon Route 53,0,UnblendedCost,2026-08,0.0011024,USD,true,2026-08-28T17:23:45Z
28c1036ca717ee77c6cbca14a7c3a3b961ca300ec6d12a1d989875e3e4360cb1,aws_cost_explorer,ce:UnblendedCost:SERVICE:DAILY:2026-08-01:2026-08-29,a0558b121de4035743f2d74d83298ed85f5e645854b8ca85cb40bd2e2823caea,AWS Cost Explorer backfill,,2026-08-07,2026-08-08,daily,6,Amazon Simple Storage Service,Amazon Simple Storage Service,0,UnblendedCost,2026-08,0.0022407031,USD,true,2026-08-28T17:23:45Z
f3e21a7e41f7f2dfd9f59603e0d7417018106da7df47c63cb23e0c84120b79b9,aws_cost_explorer,ce:UnblendedCost:SERVICE:DAILY:2026-08-01:2026-08-29,a0558b121de4035743f2d74d83298ed85f5e645854b8ca85cb40bd2e2823caea,AWS Cost Explorer backfill,,2026-08-07,2026-08-08,daily,7,Amazon Virtual Private Cloud,Amazon Virtual Private Cloud,0,UnblendedCost,2026-08,0.36,USD,true,2026-08-28T17:23:45Z
829507e91d9b6f15192f976085096b41436f7d1ac0ce1463d0007585fbe603b6,aws_cost_explorer,ce:UnblendedCost:SERVICE:DAILY:2026-08-01:2026-08-29,a0558b121de4035743f2d74d83298ed85f5e645854b8ca85cb40bd2e2823caea,AWS Cost Explorer backfill,,2026-08-07,2026-08-08,daily,8,EC2 - Other,EC2 - Other,0,UnblendedCost,2026-08,0.0774197102,USD,true,2026-08-28T17:23:45Z
114d8704621aeaaf4a077cc706a4a98825473375e4d069de1222a7368af0931b,aws_cost_explorer,ce:UnblendedCost:SERVICE:DAILY:2026-08-01:2026-08-29,a0558b121de4035743f2d74d83298ed85f5e645854b8ca85cb40bd2e2823caea,AWS Cost Explorer backfill,,2026-08-08,2026-08-09,daily,0,Total costs,Total costs,0,UnblendedCost,2026-08,2.849346339,USD,true,2026-08-28T17:23:45Z
5f4a350a540e86d83d1a35a953f8585ae7725e1749d85198b312980d076b7e9d,aws_cost_explorer,ce:UnblendedCost:SERVICE:DAILY:2026-08-01:2026-08-29,a0558b121de4035743f2d74d83298ed85f5e645854b8ca85cb40bd2e2823caea,AWS Cost Explorer backfill,,2026-08-08,2026-08-09,daily,1,Amazon CloudFront,Amazon CloudFront,0,UnblendedCost,2026-08,0.0000090681,USD,true,2026-08-28T17:23:45Z
2d9e0e7f598d58163b600a9150df6b6c6308a67c38977347fc93a4e63db08b9d,aws_cost_explorer,ce:UnblendedCost:SERVICE:DAILY:2026-08-01:2026-08-29,a0558b121de4035743f2d74d83298ed85f5e645854b8ca85cb40bd2e2823caea,AWS Cost Explorer backfill,,2026-08-08,2026-08-09,daily,2,Amazon EC2 Container Registry (ECR),Amazon EC2 Container Registry (ECR),0,UnblendedCost,2026-08,1.6586940912,USD,true,2026-08-28T17:23:45Z
956b825c30eee7d55af00c9001969501c49c70b781216c09e1b8453073a320e9,aws_cost_explorer,ce:UnblendedCost:SERVICE:DAILY:2026-08-01:2026-08-29,a0558b121de4035743f2d74d83298ed85f5e645854b8ca85cb40bd2e2823caea,AWS Cost Explorer backfill,,2026-08-08,2026-08-09,daily,3,Amazon Elastic Compute Cloud - Compute,Amazon Elastic Compute Cloud - Compute,0,UnblendedCost,2026-08,0.2784,USD,true,2026-08-28T17:23:45Z
005abce54a5f26a94c62541ba1447897402d1349b4a4767a03cb73535d3159a6,aws_cost_explorer,ce:UnblendedCost:SERVICE:DAILY:2026-08-01:2026-08-29,a0558b121de4035743f2d74d83298ed85f5e645854b8ca85cb40bd2e2823caea,AWS Cost Explorer backfill,,2026-08-08,2026-08-09,daily,4,Amazon Relational Database Service,Amazon Relational Database Service,0,UnblendedCost,2026-08,0.4710548261,USD,true,2026-08-28T17:23:45Z
acdc22a357e42c8e53c56dc0c4cd1ceb2e85ade2a1681c53674e87651f3d9de7,aws_cost_explorer,ce:UnblendedCost:SERVICE:DAILY:2026-08-01:2026-08-29,a0558b121de4035743f2d74d83298ed85f5e645854b8ca85cb40bd2e2823caea,AWS Cost Explorer backfill,,2026-08-08,2026-08-09,daily,5,Amazon Route 53,Amazon Route 53,0,UnblendedCost,2026-08,0.0013212,USD,true,2026-08-28T17:23:45Z
fc9e3f9ce3484f0213d0e0cd0ccec632612eef9e028fe5f532906da4f58f8d93,aws_cost_explorer,ce:UnblendedCost:SERVICE:DAILY:2026-08-01:2026-08-29,a0558b121de4035743f2d74d83298ed85f5e645854b8ca85cb40bd2e2823caea,AWS Cost Explorer backfill,,2026-08-08,2026-08-09,daily,6,Amazon Simple Storage Service,Amazon Simple Storage Service,0,UnblendedCost,2026-08,0.0024475031,USD,true,2026-08-28T17:23:45Z
670d09ba52c2d164b8030bc7d2fd87c562d1f8f42867705eace4ce98e0ef1b97,aws_cost_explorer,ce:UnblendedCost:SERVICE:DAILY:2026-08-01:2026-08-29,a0558b121de4035743f2d74d83298ed85f5e645854b8ca85cb40bd2e2823caea,AWS Cost Explorer backfill,,2026-08-08,2026-08-09,daily,7,Amazon Virtual Private Cloud,Amazon Virtual Private Cloud,0,UnblendedCost,2026-08,0.36,USD,true,2026-08-28T17:23:45Z
7a2faa4517e0558b44e0a9525e81975de67cd870a3ec63487bcbbbe157bc613f,aws_cost_explorer,ce:UnblendedCost:SERVICE:DAILY:2026-08-01:2026-08-29,a0558b121de4035743f2d74d83298ed85f5e645854b8ca85cb40bd2e2823caea,AWS Cost Explorer backfill,,2026-08-08,2026-08-09,daily,8,EC2 - Other,EC2 - Other,0,UnblendedCost,2026-08,0.0774196505,USD,true,2026-08-28T17:23:45Z
59d0f8112fa5d4ad10807a1b28909add46217e2a601f79d76220421f2381f450,aws_cost_explorer,ce:UnblendedCost:SERVICE:DAILY:2026-08-01:2026-08-29,a0558b121de4035743f2d74d83298ed85f5e645854b8ca85cb40bd2e2823caea,AWS Cost Explorer backfill,,2026-08-09,2026-08-10,daily,0,Total costs,Total costs,0,UnblendedCost,2026-08,2.8480666039,USD,true,2026-08-28T17:23:45Z
6796577a66219602aba5352eb06e78caef7dcceecabb664386337395b0af5846,aws_cost_explorer,ce:UnblendedCost:SERVICE:DAILY:2026-08-01:2026-08-29,a0558b121de4035743f2d74d83298ed85f5e645854b8ca85cb40bd2e2823caea,AWS Cost Explorer backfill,,2026-08-09,2026-08-10,daily,1,Amazon CloudFront,Amazon CloudFront,0,UnblendedCost,2026-08,0.0000101864,USD,true,2026-08-28T17:23:45Z
509097fc6a24c7d632d31cca9ac5b0e4a20f34a94ccc44c7f81faff1758c2be3,aws_cost_explorer,ce:UnblendedCost:SERVICE:DAILY:2026-08-01:2026-08-29,a0558b121de4035743f2d74d83298ed85f5e645854b8ca85cb40bd2e2823caea,AWS Cost Explorer backfill,,2026-08-09,2026-08-10,daily,2,Amazon EC2 Container Registry (ECR),Amazon EC2 Container Registry (ECR),0,UnblendedCost,2026-08,1.6586940912,USD,true,2026-08-28T17:23:45Z
21e10493c0da1f954bd9e70bfdbcc9c8399ebd21e4d4dbfb5fe3655d23c6d01a,aws_cost_explorer,ce:UnblendedCost:SERVICE:DAILY:2026-08-01:2026-08-29,a0558b121de4035743f2d74d83298ed85f5e645854b8ca85cb40bd2e2823caea,AWS Cost Explorer backfill,,2026-08-09,2026-08-10,daily,3,Amazon Elastic Compute Cloud - Compute,Amazon Elastic Compute Cloud - Compute,0,UnblendedCost,2026-08,0.2784,USD,true,2026-08-28T17:23:45Z
477bd29df1b000f4a3e2b88e4931305ca9fb137247f9ee99b0d6e007fa5610cb,aws_cost_explorer,ce:UnblendedCost:SERVICE:DAILY:2026-08-01:2026-08-29,a0558b121de4035743f2d74d83298ed85f5e645854b8ca85cb40bd2e2823caea,AWS Cost Explorer backfill,,2026-08-09,2026-08-10,daily,4,Amazon Relational Database Service,Amazon Relational Database Service,0,UnblendedCost,2026-08,0.4711028962,USD,true,2026-08-28T17:23:45Z
9c595d8544641eb2f766bd78a244e4d9f9bf2d4a2bdc702cb871eb09a5385de0,aws_cost_explorer,ce:UnblendedCost:SERVICE:DAILY:2026-08-01:2026-08-29,a0558b121de4035743f2d74d83298ed85f5e645854b8ca85cb40bd2e2823caea,AWS Cost Explorer backfill,,2026-08-09,2026-08-10,daily,5,Amazon Route 53,Amazon Route 53,0,UnblendedCost,2026-08,0.00084,USD,true,2026-08-28T17:23:45Z
00431648ad01bbb3f9014c8e743a079c66e33d2d390109627b5ca2966703a40a,aws_cost_explorer,ce:UnblendedCost:SERVICE:DAILY:2026-08-01:2026-08-29,a0558b121de4035743f2d74d83298ed85f5e645854b8ca85cb40bd2e2823caea,AWS Cost Explorer backfill,,2026-08-09,2026-08-10,daily,6,Amazon Simple Storage Service,Amazon Simple Storage Service,0,UnblendedCost,2026-08,0.0015999031,USD,true,2026-08-28T17:23:45Z
0e172e92c3b17f8f6f6d3e0d982e657f823603debdebf7454f75b835dc38da4a,aws_cost_explorer,ce:UnblendedCost:SERVICE:DAILY:2026-08-01:2026-08-29,a0558b121de4035743f2d74d83298ed85f5e645854b8ca85cb40bd2e2823caea,AWS Cost Explorer backfill,,2026-08-09,2026-08-10,daily,7,Amazon Virtual Private Cloud,Amazon Virtual Private Cloud,0,UnblendedCost,2026-08,0.36,USD,true,2026-08-28T17:23:45Z
9521f7295806bd71e877088f28ab41f82e2e458e63bd39da39b974638107f2a1,aws_cost_explorer,ce:UnblendedCost:SERVICE:DAILY:2026-08-01:2026-08-29,a0558b121de4035743f2d74d83298ed85f5e645854b8ca85cb40bd2e2823caea,AWS Cost Explorer backfill,,2026-08-09,2026-08-10,daily,8,EC2 - Other,EC2 - Other,0,UnblendedCost,2026-08,0.077419527,USD,true,2026-08-28T17:23:45Z
549ec4946cc22c2f22c9891529e128262f6a40a4374c85911dd1bd77147c120a,aws_cost_explorer,ce:UnblendedCost:SERVICE:DAILY:2026-08-01:2026-08-29,a0558b121de4035743f2d74d83298ed85f5e645854b8ca85cb40bd2e2823caea,AWS Cost Explorer backfill,,2026-08-10,2026-08-11,daily,0,Total costs,Total costs,0,UnblendedCost,2026-08,2.8479465653,USD,true,2026-08-28T17:23:45Z
efc29cff4d700e082079861276ff0b61e952d865958dfa61f1aba26c128e1c87,aws_cost_explorer,ce:UnblendedCost:SERVICE:DAILY:2026-08-01:2026-08-29,a0558b121de4035743f2d74d83298ed85f5e645854b8ca85cb40bd2e2823caea,AWS Cost Explorer backfill,,2026-08-10,2026-08-11,daily,1,Amazon CloudFront,Amazon CloudFront,0,UnblendedCost,2026-08,0.0000078133,USD,true,2026-08-28T17:23:45Z
43b50728ad87b0df92a95426e7dc54b9dbe5ac595fadc45d5efbb59092b72a37,aws_cost_explorer,ce:UnblendedCost:SERVICE:DAILY:2026-08-01:2026-08-29,a0558b121de4035743f2d74d83298ed85f5e645854b8ca85cb40bd2e2823caea,AWS Cost Explorer backfill,,2026-08-10,2026-08-11,daily,2,Amazon EC2 Container Registry (ECR),Amazon EC2 Container Registry (ECR),0,UnblendedCost,2026-08,1.6586940912,USD,true,2026-08-28T17:23:45Z
cf792eaacb1f755c7bdedaa2f08bea6e1dfa297c5bd0adce42071f63d8add353,aws_cost_explorer,ce:UnblendedCost:SERVICE:DAILY:2026-08-01:2026-08-29,a0558b121de4035743f2d74d83298ed85f5e645854b8ca85cb40bd2e2823caea,AWS Cost Explorer backfill,,2026-08-10,2026-08-11,daily,3,Amazon Elastic Compute Cloud - Compute,Amazon Elastic Compute Cloud - Compute,0,UnblendedCost,2026-08,0.2784,USD,true,2026-08-28T17:23:45Z
93cac2fdf4c3e1861e30ed5d174d51278bd25db107b882e9b10f1e3f89fbde90,aws_cost_explorer,ce:UnblendedCost:SERVICE:DAILY:2026-08-01:2026-08-29,a0558b121de4035743f2d74d83298ed85f5e645854b8ca85cb40bd2e2823caea,AWS Cost Explorer backfill,,2026-08-10,2026-08-11,daily,4,Amazon Relational Database Service,Amazon Relational Database Service,0,UnblendedCost,2026-08,0.4710986566,USD,true,2026-08-28T17:23:45Z
884beadd4333b95521a5373028735d79c524cf33a12608f3cd53cfb9c3ff9a52,aws_cost_explorer,ce:UnblendedCost:SERVICE:DAILY:2026-08-01:2026-08-29,a0558b121de4035743f2d74d83298ed85f5e645854b8ca85cb40bd2e2823caea,AWS Cost Explorer backfill,,2026-08-10,2026-08-11,daily,5,Amazon Route 53,Amazon Route 53,0,UnblendedCost,2026-08,0.0006032,USD,true,2026-08-28T17:23:45Z
d31793856e36cf4f5f0cfa8d3efc253c1a58857f41c929ca36d763a857759a59,aws_cost_explorer,ce:UnblendedCost:SERVICE:DAILY:2026-08-01:2026-08-29,a0558b121de4035743f2d74d83298ed85f5e645854b8ca85cb40bd2e2823caea,AWS Cost Explorer backfill,,2026-08-10,2026-08-11,daily,6,Amazon Simple Storage Service,Amazon Simple Storage Service,0,UnblendedCost,2026-08,0.0017231031,USD,true,2026-08-28T17:23:45Z
9156f8e66aa3fc84fed452f24b9475d5a9356ab8e57e7ab5aa132fa94b5ba8f5,aws_cost_explorer,ce:UnblendedCost:SERVICE:DAILY:2026-08-01:2026-08-29,a0558b121de4035743f2d74d83298ed85f5e645854b8ca85cb40bd2e2823caea,AWS Cost Explorer backfill,,2026-08-10,2026-08-11,daily,7,Amazon Virtual Private Cloud,Amazon Virtual Private Cloud,0,UnblendedCost,2026-08,0.36,USD,true,2026-08-28T17:23:45Z
b0be6826a23a9bda58e2091ff40535ab2977fdd50775e206f5652d88d4db80e3,aws_cost_explorer,ce:UnblendedCost:SERVICE:DAILY:2026-08-01:2026-08-29,a0558b121de4035743f2d74d83298ed85f5e645854b8ca85cb40bd2e2823caea,AWS Cost Explorer backfill,,2026-08-10,2026-08-11,daily,8,EC2 - Other,EC2 - Other,0,UnblendedCost,2026-08,0.0774197011,USD,true,2026-08-28T17:23:45Z
d6bac1ae69029bffbb3f9cabcdbd1427f7733bb24b71f451da009dded3c1379b,aws_cost_explorer,ce:UnblendedCost:SERVICE:DAILY:2026-08-01:2026-08-29,a0558b121de4035743f2d74d83298ed85f5e645854b8ca85cb40bd2e2823caea,AWS Cost Explorer backfill,,2026-08-11,2026-08-12,daily,0,Total costs,Total costs,0,UnblendedCost,2026-08,2.8479276839,USD,true,2026-08-28T17:23:45Z
0d4b14e865ebfd1d00bbfe3de6975b5690cc9a56d2a4b30f0b570cbea3b41321,aws_cost_explorer,ce:UnblendedCost:SERVICE:DAILY:2026-08-01:2026-08-29,a0558b121de4035743f2d74d83298ed85f5e645854b8ca85cb40bd2e2823caea,AWS Cost Explorer backfill,,2026-08-11,2026-08-12,daily,1,Amazon CloudFront,Amazon CloudFront,0,UnblendedCost,2026-08,0.0000011814,USD,true,2026-08-28T17:23:45Z
f1a801b4235cd6e021746bbd5b8980e61e5c049fd02dbde61df3ab5ec1fc0fa5,aws_cost_explorer,ce:UnblendedCost:SERVICE:DAILY:2026-08-01:2026-08-29,a0558b121de4035743f2d74d83298ed85f5e645854b8ca85cb40bd2e2823caea,AWS Cost Explorer backfill,,2026-08-11,2026-08-12,daily,2,Amazon EC2 Container Registry (ECR),Amazon EC2 Container Registry (ECR),0,UnblendedCost,2026-08,1.6586940912,USD,true,2026-08-28T17:23:45Z
30ae87a97207916db598810302bc894c55dc39a5c72f17bb3ec21ec957ea3546,aws_cost_explorer,ce:UnblendedCost:SERVICE:DAILY:2026-08-01:2026-08-29,a0558b121de4035743f2d74d83298ed85f5e645854b8ca85cb40bd2e2823caea,AWS Cost Explorer backfill,,2026-08-11,2026-08-12,daily,3,Amazon Elastic Compute Cloud - Compute,Amazon Elastic Compute Cloud - Compute,0,UnblendedCost,2026-08,0.2784,USD,true,2026-08-28T17:23:45Z
eabb64c6a51ce38fc218a364eb352a02889d0f2d2d22f8ccdf5e2d503247a229,aws_cost_explorer,ce:UnblendedCost:SERVICE:DAILY:2026-08-01:2026-08-29,a0558b121de4035743f2d74d83298ed85f5e645854b8ca85cb40bd2e2823caea,AWS Cost Explorer backfill,,2026-08-11,2026-08-12,daily,4,Amazon Relational Database Service,Amazon Relational Database Service,0,UnblendedCost,2026-08,0.4710972849,USD,true,2026-08-28T17:23:45Z
3354755e973724de678641f38d8d9b76f33efec34c8878950989a0740f60fe2c,aws_cost_explorer,ce:UnblendedCost:SERVICE:DAILY:2026-08-01:2026-08-29,a0558b121de4035743f2d74d83298ed85f5e645854b8ca85cb40bd2e2823caea,AWS Cost Explorer backfill,,2026-08-11,2026-08-12,daily,5,Amazon Route 53,Amazon Route 53,0,UnblendedCost,2026-08,0.0006688,USD,true,2026-08-28T17:23:45Z
546262d2cdf6652cc9121b7e6d23b04e5549a3da557c79fb29ef9a75aa8a2fd7,aws_cost_explorer,ce:UnblendedCost:SERVICE:DAILY:2026-08-01:2026-08-29,a0558b121de4035743f2d74d83298ed85f5e645854b8ca85cb40bd2e2823caea,AWS Cost Explorer backfill,,2026-08-11,2026-08-12,daily,6,Amazon Simple Storage Service,Amazon Simple Storage Service,0,UnblendedCost,2026-08,0.001646916,USD,true,2026-08-28T17:23:45Z
b59e1483a8779b3c274137381929c1e999a8b4e4759324c5fde07a88e93c921a,aws_cost_explorer,ce:UnblendedCost:SERVICE:DAILY:2026-08-01:2026-08-29,a0558b121de4035743f2d74d83298ed85f5e645854b8ca85cb40bd2e2823caea,AWS Cost Explorer backfill,,2026-08-11,2026-08-12,daily,7,Amazon Virtual Private Cloud,Amazon Virtual Private Cloud,0,UnblendedCost,2026-08,0.36,USD,true,2026-08-28T17:23:45Z
367df223a9e14eebc8781d765fe96333a427f29be4cb8fd789a69b8844863877,aws_cost_explorer,ce:UnblendedCost:SERVICE:DAILY:2026-08-01:2026-08-29,a0558b121de4035743f2d74d83298ed85f5e645854b8ca85cb40bd2e2823caea,AWS Cost Explorer backfill,,2026-08-11,2026-08-12,daily,8,EC2 - Other,EC2 - Other,0,UnblendedCost,2026-08,0.0774194104,USD,true,2026-08-28T17:23:45Z
2987f5e21f77697c3dd9da927f5ce758f8ff79ea224ee249da59c54f612890fe,aws_cost_explorer,ce:UnblendedCost:SERVICE:DAILY:2026-08-01:2026-08-29,a0558b121de4035743f2d74d83298ed85f5e645854b8ca85cb40bd2e2823caea,AWS Cost Explorer backfill,,2026-08-12,2026-08-13,daily,0,Total costs,Total costs,0,UnblendedCost,2026-08,2.8480761462,USD,true,2026-08-28T17:23:45Z
bbf0e510e1ed212d04a59dfed2fb4b744f08dce62acda4f71e358b62e585509d,aws_cost_explorer,ce:UnblendedCost:SERVICE:DAILY:2026-08-01:2026-08-29,a0558b121de4035743f2d74d83298ed85f5e645854b8ca85cb40bd2e2823caea,AWS Cost Explorer backfill,,2026-08-12,2026-08-13,daily,1,Amazon CloudFront,Amazon CloudFront,0,UnblendedCost,2026-08,0.0000009953,USD,true,2026-08-28T17:23:45Z
cc9ec4e75ccb126fc059950b454f39e5cdda5dda1f451c8d380fbdff9627f2aa,aws_cost_explorer,ce:UnblendedCost:SERVICE:DAILY:2026-08-01:2026-08-29,a0558b121de4035743f2d74d83298ed85f5e645854b8ca85cb40bd2e2823caea,AWS Cost Explorer backfill,,2026-08-12,2026-08-13,daily,2,Amazon EC2 Container Registry (ECR),Amazon EC2 Container Registry (ECR),0,UnblendedCost,2026-08,1.6586940912,USD,true,2026-08-28T17:23:45Z
d9e46220bc1d66e838bce8bf768ffa8101b586dedd4cb323c0e78192d51a8b21,aws_cost_explorer,ce:UnblendedCost:SERVICE:DAILY:2026-08-01:2026-08-29,a0558b121de4035743f2d74d83298ed85f5e645854b8ca85cb40bd2e2823caea,AWS Cost Explorer backfill,,2026-08-12,2026-08-13,daily,3,Amazon Elastic Compute Cloud - Compute,Amazon Elastic Compute Cloud - Compute,0,UnblendedCost,2026-08,0.2784,USD,true,2026-08-28T17:23:45Z
dcecac925ec668288115116b60a327f087d1a83d48f871d72077e5b74c590aac,aws_cost_explorer,ce:UnblendedCost:SERVICE:DAILY:2026-08-01:2026-08-29,a0558b121de4035743f2d74d83298ed85f5e645854b8ca85cb40bd2e2823caea,AWS Cost Explorer backfill,,2026-08-12,2026-08-13,daily,4,Amazon Relational Database Service,Amazon Relational Database Service,0,UnblendedCost,2026-08,0.4711000282,USD,true,2026-08-28T17:23:45Z
39ec73baea6f90f11aa3b99e78b5a6594b785f6ae20dcb4293615661af33373f,aws_cost_explorer,ce:UnblendedCost:SERVICE:DAILY:2026-08-01:2026-08-29,a0558b121de4035743f2d74d83298ed85f5e645854b8ca85cb40bd2e2823caea,AWS Cost Explorer backfill,,2026-08-12,2026-08-13,daily,5,Amazon Route 53,Amazon Route 53,0,UnblendedCost,2026-08,0.0007568,USD,true,2026-08-28T17:23:45Z
cf66b2de43b6ea5711f6c39f86282796effe2bef07147e78658d374c731b4769,aws_cost_explorer,ce:UnblendedCost:SERVICE:DAILY:2026-08-01:2026-08-29,a0558b121de4035743f2d74d83298ed85f5e645854b8ca85cb40bd2e2823caea,AWS Cost Explorer backfill,,2026-08-12,2026-08-13,daily,6,Amazon Simple Storage Service,Amazon Simple Storage Service,0,UnblendedCost,2026-08,0.0017047031,USD,true,2026-08-28T17:23:45Z
223d502bbbd38f17c48976bba8194ed09c40c9d1a3f2bd1d99ad1d84fb6b1869,aws_cost_explorer,ce:UnblendedCost:SERVICE:DAILY:2026-08-01:2026-08-29,a0558b121de4035743f2d74d83298ed85f5e645854b8ca85cb40bd2e2823caea,AWS Cost Explorer backfill,,2026-08-12,2026-08-13,daily,7,Amazon Virtual Private Cloud,Amazon Virtual Private Cloud,0,UnblendedCost,2026-08,0.36,USD,true,2026-08-28T17:23:45Z
6c8f46f777c87893db7a8bc0f898656e19b7569a4b3e15bbf3111705bc697f68,aws_cost_explorer,ce:UnblendedCost:SERVICE:DAILY:2026-08-01:2026-08-29,a0558b121de4035743f2d74d83298ed85f5e645854b8ca85cb40bd2e2823caea,AWS Cost Explorer backfill,,2026-08-12,2026-08-13,daily,8,EC2 - Other,EC2 - Other,0,UnblendedCost,2026-08,0.0774195284,USD,true,2026-08-28T17:23:45Z
89d25c265236c631125b991528540c607e9110502c93c0e07225364587225981,aws_cost_explorer,ce:UnblendedCost:SERVICE:DAILY:2026-08-01:2026-08-29,a0558b121de4035743f2d74d83298ed85f5e645854b8ca85cb40bd2e2823caea,AWS Cost Explorer backfill,,2026-08-13,2026-08-14,daily,0,Total costs,Total costs,0,UnblendedCost,2026-08,2.8480237037,USD,true,2026-08-28T17:23:45Z
c95eab03fe4527e0cb69c3b1b71a75368c41cfb252c6ce9abd93217857665aeb,aws_cost_explorer,ce:UnblendedCost:SERVICE:DAILY:2026-08-01:2026-08-29,a0558b121de4035743f2d74d83298ed85f5e645854b8ca85cb40bd2e2823caea,AWS Cost Explorer backfill,,2026-08-13,2026-08-14,daily,1,Amazon CloudFront,Amazon CloudFront,0,UnblendedCost,2026-08,0.000003002,USD,true,2026-08-28T17:23:45Z
34605c4e4ea13843c72a82d184a4a4cd2d67258f6949272ed3bb722fb3a0d019,aws_cost_explorer,ce:UnblendedCost:SERVICE:DAILY:2026-08-01:2026-08-29,a0558b121de4035743f2d74d83298ed85f5e645854b8ca85cb40bd2e2823caea,AWS Cost Explorer backfill,,2026-08-13,2026-08-14,daily,2,Amazon EC2 Container Registry (ECR),Amazon EC2 Container Registry (ECR),0,UnblendedCost,2026-08,1.6586940912,USD,true,2026-08-28T17:23:45Z
fcc45d706c6e740f2c2acdd3ac00a9c422d6472b8bcbbc8d9668cad4b41fd676,aws_cost_explorer,ce:UnblendedCost:SERVICE:DAILY:2026-08-01:2026-08-29,a0558b121de4035743f2d74d83298ed85f5e645854b8ca85cb40bd2e2823caea,AWS Cost Explorer backfill,,2026-08-13,2026-08-14,daily,3,Amazon Elastic Compute Cloud - Compute,Amazon Elastic Compute Cloud - Compute,0,UnblendedCost,2026-08,0.2784,USD,true,2026-08-28T17:23:45Z
413d7ebf5165a00f4370e4b56359bbb62f472cefb952f0e2622016136ec461d0,aws_cost_explorer,ce:UnblendedCost:SERVICE:DAILY:2026-08-01:2026-08-29,a0558b121de4035743f2d74d83298ed85f5e645854b8ca85cb40bd2e2823caea,AWS Cost Explorer backfill,,2026-08-13,2026-08-14,daily,4,Amazon Relational Database Service,Amazon Relational Database Service,0,UnblendedCost,2026-08,0.4710688543,USD,true,2026-08-28T17:23:45Z
f00589a5f6d843ba571ce6af20d2e9c63dc8054c39a7c0cd2b37bc539ec9495d,aws_cost_explorer,ce:UnblendedCost:SERVICE:DAILY:2026-08-01:2026-08-29,a0558b121de4035743f2d74d83298ed85f5e645854b8ca85cb40bd2e2823caea,AWS Cost Explorer backfill,,2026-08-13,2026-08-14,daily,5,Amazon Route 53,Amazon Route 53,0,UnblendedCost,2026-08,0.000874,USD,true,2026-08-28T17:23:45Z
62525983cdb5728483bfb00bc845b8e41764395bcb64cccdc3fbe1da79db71a6,aws_cost_explorer,ce:UnblendedCost:SERVICE:DAILY:2026-08-01:2026-08-29,a0558b121de4035743f2d74d83298ed85f5e645854b8ca85cb40bd2e2823caea,AWS Cost Explorer backfill,,2026-08-13,2026-08-14,daily,6,Amazon Simple Storage Service,Amazon Simple Storage Service,0,UnblendedCost,2026-08,0.0015643031,USD,true,2026-08-28T17:23:45Z
0008086addc1cea03dc4fc625741883ad8f75300511b479d5d945a0fb6dbba10,aws_cost_explorer,ce:UnblendedCost:SERVICE:DAILY:2026-08-01:2026-08-29,a0558b121de4035743f2d74d83298ed85f5e645854b8ca85cb40bd2e2823caea,AWS Cost Explorer backfill,,2026-08-13,2026-08-14,daily,7,Amazon Virtual Private Cloud,Amazon Virtual Private Cloud,0,UnblendedCost,2026-08,0.36,USD,true,2026-08-28T17:23:45Z
4bd264a831ba16044d25f3109cb2ef337706007fd8862643cb176bc9647b8048,aws_cost_explorer,ce:UnblendedCost:SERVICE:DAILY:2026-08-01:2026-08-29,a0558b121de4035743f2d74d83298ed85f5e645854b8ca85cb40bd2e2823caea,AWS Cost Explorer backfill,,2026-08-13,2026-08-14,daily,8,EC2 - Other,EC2 - Other,0,UnblendedCost,2026-08,0.0774194531,USD,true,2026-08-28T17:23:45Z
826b8f3643999e7222d4ba5b730f70a3fb65c33080ad3feaa32f367f911fa7b2,aws_cost_explorer,ce:UnblendedCost:SERVICE:DAILY:2026-08-01:2026-08-29,a0558b121de4035743f2d74d83298ed85f5e645854b8ca85cb40bd2e2823caea,AWS Cost Explorer backfill,,2026-08-14,2026-08-15,daily,0,Total costs,Total costs,0,UnblendedCost,2026-08,2.8483384075,USD,true,2026-08-28T17:23:45Z
cbdf2b33340daf93dd2e66a10b08d65ea03752a4b1e4f9bfa2088668a96728b4,aws_cost_explorer,ce:UnblendedCost:SERVICE:DAILY:2026-08-01:2026-08-29,a0558b121de4035743f2d74d83298ed85f5e645854b8ca85cb40bd2e2823caea,AWS Cost Explorer backfill,,2026-08-14,2026-08-15,daily,1,Amazon CloudFront,Amazon CloudFront,0,UnblendedCost,2026-08,0.0000007058,USD,true,2026-08-28T17:23:45Z
c6f2c6d9e5752d36b5714fd865ed482b746aefc11eccfd49599f83564d122736,aws_cost_explorer,ce:UnblendedCost:SERVICE:DAILY:2026-08-01:2026-08-29,a0558b121de4035743f2d74d83298ed85f5e645854b8ca85cb40bd2e2823caea,AWS Cost Explorer backfill,,2026-08-14,2026-08-15,daily,2,Amazon EC2 Container Registry (ECR),Amazon EC2 Container Registry (ECR),0,UnblendedCost,2026-08,1.6586940912,USD,true,2026-08-28T17:23:45Z
1f3e0c2ae28beb5574820e56fd0912b699cbd0cc71ff44b57ee59a31db8e74e3,aws_cost_explorer,ce:UnblendedCost:SERVICE:DAILY:2026-08-01:2026-08-29,a0558b121de4035743f2d74d83298ed85f5e645854b8ca85cb40bd2e2823caea,AWS Cost Explorer backfill,,2026-08-14,2026-08-15,daily,3,Amazon Elastic Compute Cloud - Compute,Amazon Elastic Compute Cloud - Compute,0,UnblendedCost,2026-08,0.2784,USD,true,2026-08-28T17:23:45Z
5f6fbe1faac7cb726c339805e823b09908818fe653cc61269d959bc529bcbba6,aws_cost_explorer,ce:UnblendedCost:SERVICE:DAILY:2026-08-01:2026-08-29,a0558b121de4035743f2d74d83298ed85f5e645854b8ca85cb40bd2e2823caea,AWS Cost Explorer backfill,,2026-08-14,2026-08-15,daily,4,Amazon Relational Database Service,Amazon Relational Database Service,0,UnblendedCost,2026-08,0.471011058,USD,true,2026-08-28T17:23:45Z
ef685fa3c20a0ca4e2f20d49f91080a1c130fffb91922b2a4f766f1647328146,aws_cost_explorer,ce:UnblendedCost:SERVICE:DAILY:2026-08-01:2026-08-29,a0558b121de4035743f2d74d83298ed85f5e645854b8ca85cb40bd2e2823caea,AWS Cost Explorer backfill,,2026-08-14,2026-08-15,daily,5,Amazon Route 53,Amazon Route 53,0,UnblendedCost,2026-08,0.0010404,USD,true,2026-08-28T17:23:45Z
10e69379e4c21727f8925d100b2009e6c141bbd36efb2182a4c0e159661667d1,aws_cost_explorer,ce:UnblendedCost:SERVICE:DAILY:2026-08-01:2026-08-29,a0558b121de4035743f2d74d83298ed85f5e645854b8ca85cb40bd2e2823caea,AWS Cost Explorer backfill,,2026-08-14,2026-08-15,daily,6,Amazon Simple Storage Service,Amazon Simple Storage Service,0,UnblendedCost,2026-08,0.0017725031,USD,true,2026-08-28T17:23:45Z
2ec14e1d05661f1092e558367ff3ac8684d916f35b25e771c95819fd7fd494eb,aws_cost_explorer,ce:UnblendedCost:SERVICE:DAILY:2026-08-01:2026-08-29,a0558b121de4035743f2d74d83298ed85f5e645854b8ca85cb40bd2e2823caea,AWS Cost Explorer backfill,,2026-08-14,2026-08-15,daily,7,Amazon Virtual Private Cloud,Amazon Virtual Private Cloud,0,UnblendedCost,2026-08,0.36,USD,true,2026-08-28T17:23:45Z
3ac99d3f24ecf4f8521ff47074567a12ebbc1788573ab31b40eca3fb9eae540b,aws_cost_explorer,ce:UnblendedCost:SERVICE:DAILY:2026-08-01:2026-08-29,a0558b121de4035743f2d74d83298ed85f5e645854b8ca85cb40bd2e2823caea,AWS Cost Explorer backfill,,2026-08-14,2026-08-15,daily,8,EC2 - Other,EC2 - Other,0,UnblendedCost,2026-08,0.0774196494,USD,true,2026-08-28T17:23:45Z
64a26d67ab5d8c4ba0682faadd0cd6729142176d2859ab03e1c92d9b47aab2a2,aws_cost_explorer,ce:UnblendedCost:SERVICE:DAILY:2026-08-01:2026-08-29,a0558b121de4035743f2d74d83298ed85f5e645854b8ca85cb40bd2e2823caea,AWS Cost Explorer backfill,,2026-08-15,2026-08-16,daily,0,Total costs,Total costs,0,UnblendedCost,2026-08,2.8480612449,USD,true,2026-08-28T17:23:45Z
e9c67919c3c784f0bd82bb8b5cefad9b669bd9a286a4650563d4895044409a8f,aws_cost_explorer,ce:UnblendedCost:SERVICE:DAILY:2026-08-01:2026-08-29,a0558b121de4035743f2d74d83298ed85f5e645854b8ca85cb40bd2e2823caea,AWS Cost Explorer backfill,,2026-08-15,2026-08-16,daily,1,Amazon CloudFront,Amazon CloudFront,0,UnblendedCost,2026-08,0.0000022256,USD,true,2026-08-28T17:23:45Z
10c865e3c937496503cc1e5e9b58739eaca44c97fdb57e6df65b88f5948823b7,aws_cost_explorer,ce:UnblendedCost:SERVICE:DAILY:2026-08-01:2026-08-29,a0558b121de4035743f2d74d83298ed85f5e645854b8ca85cb40bd2e2823caea,AWS Cost Explorer backfill,,2026-08-15,2026-08-16,daily,2,Amazon EC2 Container Registry (ECR),Amazon EC2 Container Registry (ECR),0,UnblendedCost,2026-08,1.6586940912,USD,true,2026-08-28T17:23:45Z
71c34bcd3229e3e364ac85c30f9d175923da230ee6fc3ccfc72739ba35072103,aws_cost_explorer,ce:UnblendedCost:SERVICE:DAILY:2026-08-01:2026-08-29,a0558b121de4035743f2d74d83298ed85f5e645854b8ca85cb40bd2e2823caea,AWS Cost Explorer backfill,,2026-08-15,2026-08-16,daily,3,Amazon Elastic Compute Cloud - Compute,Amazon Elastic Compute Cloud - Compute,0,UnblendedCost,2026-08,0.2784,USD,true,2026-08-28T17:23:45Z
69c83a54d499f788028b097f2469e5f85c363347b10578c6fc9d4d4d325b5a3d,aws_cost_explorer,ce:UnblendedCost:SERVICE:DAILY:2026-08-01:2026-08-29,a0558b121de4035743f2d74d83298ed85f5e645854b8ca85cb40bd2e2823caea,AWS Cost Explorer backfill,,2026-08-15,2026-08-16,daily,4,Amazon Relational Database Service,Amazon Relational Database Service,0,UnblendedCost,2026-08,0.4709238958,USD,true,2026-08-28T17:23:45Z
52035c38007f07883403d3a1b6436ce5aafa96a18ee9485bfd60648b727bb6bc,aws_cost_explorer,ce:UnblendedCost:SERVICE:DAILY:2026-08-01:2026-08-29,a0558b121de4035743f2d74d83298ed85f5e645854b8ca85cb40bd2e2823caea,AWS Cost Explorer backfill,,2026-08-15,2026-08-16,daily,5,Amazon Route 53,Amazon Route 53,0,UnblendedCost,2026-08,0.000976,USD,true,2026-08-28T17:23:45Z
37278a74296b123ab606d60d47f5320a26b1d85b3f5cf30e329f188986634c4c,aws_cost_explorer,ce:UnblendedCost:SERVICE:DAILY:2026-08-01:2026-08-29,a0558b121de4035743f2d74d83298ed85f5e645854b8ca85cb40bd2e2823caea,AWS Cost Explorer backfill,,2026-08-15,2026-08-16,daily,6,Amazon Simple Storage Service,Amazon Simple Storage Service,0,UnblendedCost,2026-08,0.0016455031,USD,true,2026-08-28T17:23:45Z
1234cde34364f1e62bc247637dd3f06f102a9f58a540f76ee476f9df6a95f25d,aws_cost_explorer,ce:UnblendedCost:SERVICE:DAILY:2026-08-01:2026-08-29,a0558b121de4035743f2d74d83298ed85f5e645854b8ca85cb40bd2e2823caea,AWS Cost Explorer backfill,,2026-08-15,2026-08-16,daily,7,Amazon Virtual Private Cloud,Amazon Virtual Private Cloud,0,UnblendedCost,2026-08,0.36,USD,true,2026-08-28T17:23:45Z
803ea1f8c6bde1639c06a768ea040c24ffd044cdf0b90b79a148c24970bdfacc,aws_cost_explorer,ce:UnblendedCost:SERVICE:DAILY:2026-08-01:2026-08-29,a0558b121de4035743f2d74d83298ed85f5e645854b8ca85cb40bd2e2823caea,AWS Cost Explorer backfill,,2026-08-15,2026-08-16,daily,8,EC2 - Other,EC2 - Other,0,UnblendedCost,2026-08,0.0774195292,USD,true,2026-08-28T17:23:45Z
43f7fdde37c10e761a8f39d1d35d5de1414b2a59d39f7e2aad9c2d4b74fb31cf,aws_cost_explorer,ce:UnblendedCost:SERVICE:DAILY:2026-08-01:2026-08-29,a0558b121de4035743f2d74d83298ed85f5e645854b8ca85cb40bd2e2823caea,AWS Cost Explorer backfill,,2026-08-16,2026-08-17,daily,0,Total costs,Total costs,0,UnblendedCost,2026-08,2.848671666,USD,true,2026-08-28T17:23:45Z
2065e90c566464b476c24465b20eea3590a905114de6865944491a5fe5859779,aws_cost_explorer,ce:UnblendedCost:SERVICE:DAILY:2026-08-01:2026-08-29,a0558b121de4035743f2d74d83298ed85f5e645854b8ca85cb40bd2e2823caea,AWS Cost Explorer backfill,,2026-08-16,2026-08-17,daily,1,Amazon CloudFront,Amazon CloudFront,0,UnblendedCost,2026-08,0.0000025574,USD,true,2026-08-28T17:23:45Z
d08669bbdcbe013a99390cffb9eee1c6362c8bb95ccca14c32cf97a5757080e4,aws_cost_explorer,ce:UnblendedCost:SERVICE:DAILY:2026-08-01:2026-08-29,a0558b121de4035743f2d74d83298ed85f5e645854b8ca85cb40bd2e2823caea,AWS Cost Explorer backfill,,2026-08-16,2026-08-17,daily,2,Amazon EC2 Container Registry (ECR),Amazon EC2 Container Registry (ECR),0,UnblendedCost,2026-08,1.6586940912,USD,true,2026-08-28T17:23:45Z
cc4855745c22cb26a1fb6b9c1a17a2380633d5bc07ce6059a970e189fedc2d0f,aws_cost_explorer,ce:UnblendedCost:SERVICE:DAILY:2026-08-01:2026-08-29,a0558b121de4035743f2d74d83298ed85f5e645854b8ca85cb40bd2e2823caea,AWS Cost Explorer backfill,,2026-08-16,2026-08-17,daily,3,Amazon Elastic Compute Cloud - Compute,Amazon Elastic Compute Cloud - Compute,0,UnblendedCost,2026-08,0.2784,USD,true,2026-08-28T17:23:45Z
a91a753fa0bf09f115cd5908bff46bbd126af73e6c5fe69675b8f8a7b2b56ede,aws_cost_explorer,ce:UnblendedCost:SERVICE:DAILY:2026-08-01:2026-08-29,a0558b121de4035743f2d74d83298ed85f5e645854b8ca85cb40bd2e2823caea,AWS Cost Explorer backfill,,2026-08-16,2026-08-17,daily,4,Amazon Relational Database Service,Amazon Relational Database Service,0,UnblendedCost,2026-08,0.4708197751,USD,true,2026-08-28T17:23:45Z
ed5b60d9209dccb0cc4c77bed205dad7e56d183996ac99501f820ef8317ec347,aws_cost_explorer,ce:UnblendedCost:SERVICE:DAILY:2026-08-01:2026-08-29,a0558b121de4035743f2d74d83298ed85f5e645854b8ca85cb40bd2e2823caea,AWS Cost Explorer backfill,,2026-08-16,2026-08-17,daily,5,Amazon Route 53,Amazon Route 53,0,UnblendedCost,2026-08,0.0014664,USD,true,2026-08-28T17:23:45Z
3a35594e77c714d1914d7b05d389f90aebc74172e15f1c658f884c27badc27af,aws_cost_explorer,ce:UnblendedCost:SERVICE:DAILY:2026-08-01:2026-08-29,a0558b121de4035743f2d74d83298ed85f5e645854b8ca85cb40bd2e2823caea,AWS Cost Explorer backfill,,2026-08-16,2026-08-17,daily,6,Amazon Simple Storage Service,Amazon Simple Storage Service,0,UnblendedCost,2026-08,0.001869316,USD,true,2026-08-28T17:23:45Z
f9d44757c0342a42e8a9c0f96435d41958cf9b000bff9c3339f4655b1cf848e8,aws_cost_explorer,ce:UnblendedCost:SERVICE:DAILY:2026-08-01:2026-08-29,a0558b121de4035743f2d74d83298ed85f5e645854b8ca85cb40bd2e2823caea,AWS Cost Explorer backfill,,2026-08-16,2026-08-17,daily,7,Amazon Virtual Private Cloud,Amazon Virtual Private Cloud,0,UnblendedCost,2026-08,0.36,USD,true,2026-08-28T17:23:45Z
b906c1d1cdbd0a21c75c574563da2d8e27d786221742209ccb8f5630e824bc04,aws_cost_explorer,ce:UnblendedCost:SERVICE:DAILY:2026-08-01:2026-08-29,a0558b121de4035743f2d74d83298ed85f5e645854b8ca85cb40bd2e2823caea,AWS Cost Explorer backfill,,2026-08-16,2026-08-17,daily,8,EC2 - Other,EC2 - Other,0,UnblendedCost,2026-08,0.0774195263,USD,true,2026-08-28T17:23:45Z
1a2f1d2d96ba312dfaf307b9242ce6ca3911c6d6c0e6c8c2e90bfe585773eda6,aws_cost_explorer,ce:UnblendedCost:SERVICE:DAILY:2026-08-01:2026-08-29,a0558b121de4035743f2d74d83298ed85f5e645854b8ca85cb40bd2e2823caea,AWS Cost Explorer backfill,,2026-08-17,2026-08-18,daily,0,Total costs,Total costs,0,UnblendedCost,2026-08,2.8480849206,USD,true,2026-08-28T17:23:45Z
85ce7c574b10226ac919396335bef8b6560f1bb01b7385a65b103496b7ace889,aws_cost_explorer,ce:UnblendedCost:SERVICE:DAILY:2026-08-01:2026-08-29,a0558b121de4035743f2d74d83298ed85f5e645854b8ca85cb40bd2e2823caea,AWS Cost Explorer backfill,,2026-08-17,2026-08-18,daily,1,Amazon CloudFront,Amazon CloudFront,0,UnblendedCost,2026-08,0.0000023425,USD,true,2026-08-28T17:23:45Z
9c83466741378055dac39a267bb36b4de87e0dba63d30b779b8e873af4ab2d9b,aws_cost_explorer,ce:UnblendedCost:SERVICE:DAILY:2026-08-01:2026-08-29,a0558b121de4035743f2d74d83298ed85f5e645854b8ca85cb40bd2e2823caea,AWS Cost Explorer backfill,,2026-08-17,2026-08-18,daily,2,Amazon EC2 Container Registry (ECR),Amazon EC2 Container Registry (ECR),0,UnblendedCost,2026-08,1.6586940912,USD,true,2026-08-28T17:23:45Z
63889c20f7c204aa83996bf5d7c503639451287b640693775ee4536ea9f735f1,aws_cost_explorer,ce:UnblendedCost:SERVICE:DAILY:2026-08-01:2026-08-29,a0558b121de4035743f2d74d83298ed85f5e645854b8ca85cb40bd2e2823caea,AWS Cost Explorer backfill,,2026-08-17,2026-08-18,daily,3,Amazon Elastic Compute Cloud - Compute,Amazon Elastic Compute Cloud - Compute,0,UnblendedCost,2026-08,0.2784,USD,true,2026-08-28T17:23:45Z
aa213c823bbcc2928e6c20eb40b050f0a9675e397e727e89603e2f60c5858388,aws_cost_explorer,ce:UnblendedCost:SERVICE:DAILY:2026-08-01:2026-08-29,a0558b121de4035743f2d74d83298ed85f5e645854b8ca85cb40bd2e2823caea,AWS Cost Explorer backfill,,2026-08-17,2026-08-18,daily,4,Amazon Relational Database Service,Amazon Relational Database Service,0,UnblendedCost,2026-08,0.4707278746,USD,true,2026-08-28T17:23:45Z
4c552a60ba5c048d6b8f32805efeaf18cbe29744eea2baf436f069c26810fc28,aws_cost_explorer,ce:UnblendedCost:SERVICE:DAILY:2026-08-01:2026-08-29,a0558b121de4035743f2d74d83298ed85f5e645854b8ca85cb40bd2e2823caea,AWS Cost Explorer backfill,,2026-08-17,2026-08-18,daily,5,Amazon Route 53,Amazon Route 53,0,UnblendedCost,2026-08,0.0010556,USD,true,2026-08-28T17:23:45Z
4c4bc9502efb875f4f338b54587b320eacc040d0f4b6880c332c13616c5a5786,aws_cost_explorer,ce:UnblendedCost:SERVICE:DAILY:2026-08-01:2026-08-29,a0558b121de4035743f2d74d83298ed85f5e645854b8ca85cb40bd2e2823caea,AWS Cost Explorer backfill,,2026-08-17,2026-08-18,daily,6,Amazon Simple Storage Service,Amazon Simple Storage Service,0,UnblendedCost,2026-08,0.0016471031,USD,true,2026-08-28T17:23:45Z
e50e537d64a74f47f851548da139c368b18c298bc82e68652cc246c8984268a4,aws_cost_explorer,ce:UnblendedCost:SERVICE:DAILY:2026-08-01:2026-08-29,a0558b121de4035743f2d74d83298ed85f5e645854b8ca85cb40bd2e2823caea,AWS Cost Explorer backfill,,2026-08-17,2026-08-18,daily,7,Amazon Virtual Private Cloud,Amazon Virtual Private Cloud,0,UnblendedCost,2026-08,0.36,USD,true,2026-08-28T17:23:45Z
389328456ccd03e788437b652c8adfdb94d63970f7232703253350003e88e727,aws_cost_explorer,ce:UnblendedCost:SERVICE:DAILY:2026-08-01:2026-08-29,a0558b121de4035743f2d74d83298ed85f5e645854b8ca85cb40bd2e2823caea,AWS Cost Explorer backfill,,2026-08-17,2026-08-18,daily,8,EC2 - Other,EC2 - Other,0,UnblendedCost,2026-08,0.0775579092,USD,true,2026-08-28T17:23:45Z
7a8d1b2f23fb9c43bceb9ecb7eb12a24f8e84e9fe145f058c776ab65e095d3d9,aws_cost_explorer,ce:UnblendedCost:SERVICE:DAILY:2026-08-01:2026-08-29,a0558b121de4035743f2d74d83298ed85f5e645854b8ca85cb40bd2e2823caea,AWS Cost Explorer backfill,,2026-08-18,2026-08-19,daily,0,Total costs,Total costs,0,UnblendedCost,2026-08,2.8482156955,USD,true,2026-08-28T17:23:45Z
06d4f7c80c67494ac615cd0051c1b9a64c36589b6d5631e0e9c25adc14c39acb,aws_cost_explorer,ce:UnblendedCost:SERVICE:DAILY:2026-08-01:2026-08-29,a0558b121de4035743f2d74d83298ed85f5e645854b8ca85cb40bd2e2823caea,AWS Cost Explorer backfill,,2026-08-18,2026-08-19,daily,1,Amazon CloudFront,Amazon CloudFront,0,UnblendedCost,2026-08,0.0000508521,USD,true,2026-08-28T17:23:45Z
50eae65381c1bb04bc5e270aeea6870eef42b833174f273c5af62b9fa265d901,aws_cost_explorer,ce:UnblendedCost:SERVICE:DAILY:2026-08-01:2026-08-29,a0558b121de4035743f2d74d83298ed85f5e645854b8ca85cb40bd2e2823caea,AWS Cost Explorer backfill,,2026-08-18,2026-08-19,daily,2,Amazon EC2 Container Registry (ECR),Amazon EC2 Container Registry (ECR),0,UnblendedCost,2026-08,1.6586940912,USD,true,2026-08-28T17:23:45Z
3089947553c8af3c57031b0fe6455121841a7bbd6d78da79467ead07619bc8c8,aws_cost_explorer,ce:UnblendedCost:SERVICE:DAILY:2026-08-01:2026-08-29,a0558b121de4035743f2d74d83298ed85f5e645854b8ca85cb40bd2e2823caea,AWS Cost Explorer backfill,,2026-08-18,2026-08-19,daily,3,Amazon Elastic Compute Cloud - Compute,Amazon Elastic Compute Cloud - Compute,0,UnblendedCost,2026-08,0.2784,USD,true,2026-08-28T17:23:45Z
8b01fdf0a5b01b6997392b27442dfdf72ab251ea30b15c4fa0f955739497f6d5,aws_cost_explorer,ce:UnblendedCost:SERVICE:DAILY:2026-08-01:2026-08-29,a0558b121de4035743f2d74d83298ed85f5e645854b8ca85cb40bd2e2823caea,AWS Cost Explorer backfill,,2026-08-18,2026-08-19,daily,4,Amazon Relational Database Service,Amazon Relational Database Service,0,UnblendedCost,2026-08,0.4706762506,USD,true,2026-08-28T17:23:45Z
fb7d4988cc80e0794940ad982fbdc0419aa05a41179388935d843e3c014d62c0,aws_cost_explorer,ce:UnblendedCost:SERVICE:DAILY:2026-08-01:2026-08-29,a0558b121de4035743f2d74d83298ed85f5e645854b8ca85cb40bd2e2823caea,AWS Cost Explorer backfill,,2026-08-18,2026-08-19,daily,5,Amazon Route 53,Amazon Route 53,0,UnblendedCost,2026-08,0.001024,USD,true,2026-08-28T17:23:45Z
f1f31134202106996fb893fcd7cf408979c5f5340e47fc6f804a5e288f3bf879,aws_cost_explorer,ce:UnblendedCost:SERVICE:DAILY:2026-08-01:2026-08-29,a0558b121de4035743f2d74d83298ed85f5e645854b8ca85cb40bd2e2823caea,AWS Cost Explorer backfill,,2026-08-18,2026-08-19,daily,6,Amazon Simple Storage Service,Amazon Simple Storage Service,0,UnblendedCost,2026-08,0.0017845049,USD,true,2026-08-28T17:23:45Z
613a6db5af0300e42ce94cd9751913284c895b055cb71a5bdd58950c548b5e99,aws_cost_explorer,ce:UnblendedCost:SERVICE:DAILY:2026-08-01:2026-08-29,a0558b121de4035743f2d74d83298ed85f5e645854b8ca85cb40bd2e2823caea,AWS Cost Explorer backfill,,2026-08-18,2026-08-19,daily,7,Amazon Virtual Private Cloud,Amazon Virtual Private Cloud,0,UnblendedCost,2026-08,0.36,USD,true,2026-08-28T17:23:45Z
93ea0f95de162e6e2b88be2bc2790529c5dc9a3f853c1dc1440c03ee117592dd,aws_cost_explorer,ce:UnblendedCost:SERVICE:DAILY:2026-08-01:2026-08-29,a0558b121de4035743f2d74d83298ed85f5e645854b8ca85cb40bd2e2823caea,AWS Cost Explorer backfill,,2026-08-18,2026-08-19,daily,8,EC2 - Other,EC2 - Other,0,UnblendedCost,2026-08,0.0775859967,USD,true,2026-08-28T17:23:45Z
42bfdda53ad1db4699c9db43f26b62d237303a645aee375b63b24615645d3a44,aws_cost_explorer,ce:UnblendedCost:SERVICE:DAILY:2026-08-01:2026-08-29,a0558b121de4035743f2d74d83298ed85f5e645854b8ca85cb40bd2e2823caea,AWS Cost Explorer backfill,,2026-08-19,2026-08-20,daily,0,Total costs,Total costs,0,UnblendedCost,2026-08,2.8480482153,USD,true,2026-08-28T17:23:45Z
b971e47f154317c18865e84fba20c38fd24e2e1fb0dc99dfde89e47505eac80f,aws_cost_explorer,ce:UnblendedCost:SERVICE:DAILY:2026-08-01:2026-08-29,a0558b121de4035743f2d74d83298ed85f5e645854b8ca85cb40bd2e2823caea,AWS Cost Explorer backfill,,2026-08-19,2026-08-20,daily,1,Amazon CloudFront,Amazon CloudFront,0,UnblendedCost,2026-08,0.0000058942,USD,true,2026-08-28T17:23:45Z
24c5281d53328898927081fb1ecdc7f6804302789e0427493e5975d50a64ce72,aws_cost_explorer,ce:UnblendedCost:SERVICE:DAILY:2026-08-01:2026-08-29,a0558b121de4035743f2d74d83298ed85f5e645854b8ca85cb40bd2e2823caea,AWS Cost Explorer backfill,,2026-08-19,2026-08-20,daily,2,Amazon EC2 Container Registry (ECR),Amazon EC2 Container Registry (ECR),0,UnblendedCost,2026-08,1.6586940912,USD,true,2026-08-28T17:23:45Z
cc8ccf78741514674d82674f37054dab7a0930e5ccb59512172b758fbc461533,aws_cost_explorer,ce:UnblendedCost:SERVICE:DAILY:2026-08-01:2026-08-29,a0558b121de4035743f2d74d83298ed85f5e645854b8ca85cb40bd2e2823caea,AWS Cost Explorer backfill,,2026-08-19,2026-08-20,daily,3,Amazon Elastic Compute Cloud - Compute,Amazon Elastic Compute Cloud - Compute,0,UnblendedCost,2026-08,0.2784,USD,true,2026-08-28T17:23:45Z
5d0bc1cf841b47c97e6f5d6ba464e39586439b5560efec12514d530398cab546,aws_cost_explorer,ce:UnblendedCost:SERVICE:DAILY:2026-08-01:2026-08-29,a0558b121de4035743f2d74d83298ed85f5e645854b8ca85cb40bd2e2823caea,AWS Cost Explorer backfill,,2026-08-19,2026-08-20,daily,4,Amazon Relational Database Service,Amazon Relational Database Service,0,UnblendedCost,2026-08,0.4706172073,USD,true,2026-08-28T17:23:45Z
58f3e0a7ed2115bd7f8a7a6c33814f6bfb6f1466d65965900e4c68d34dc94722,aws_cost_explorer,ce:UnblendedCost:SERVICE:DAILY:2026-08-01:2026-08-29,a0558b121de4035743f2d74d83298ed85f5e645854b8ca85cb40bd2e2823caea,AWS Cost Explorer backfill,,2026-08-19,2026-08-20,daily,5,Amazon Route 53,Amazon Route 53,0,UnblendedCost,2026-08,0.0011296,USD,true,2026-08-28T17:23:45Z
d0629acbd7dfde5218402cda4e0e8277763cfac409e4dcaf95c9d2b2b0dbd528,aws_cost_explorer,ce:UnblendedCost:SERVICE:DAILY:2026-08-01:2026-08-29,a0558b121de4035743f2d74d83298ed85f5e645854b8ca85cb40bd2e2823caea,AWS Cost Explorer backfill,,2026-08-19,2026-08-20,daily,6,Amazon Simple Storage Service,Amazon Simple Storage Service,0,UnblendedCost,2026-08,0.0015751031,USD,true,2026-08-28T17:23:45Z
f363f0419fad17eb02ba9681580c8db26e880a01061a1341f8bcbf4c28462fa3,aws_cost_explorer,ce:UnblendedCost:SERVICE:DAILY:2026-08-01:2026-08-29,a0558b121de4035743f2d74d83298ed85f5e645854b8ca85cb40bd2e2823caea,AWS Cost Explorer backfill,,2026-08-19,2026-08-20,daily,7,Amazon Virtual Private Cloud,Amazon Virtual Private Cloud,0,UnblendedCost,2026-08,0.36,USD,true,2026-08-28T17:23:45Z
2c31a42d2e74f6a205bb8888cf06c1a06547059ede3a7ea83ca2d2340538b3db,aws_cost_explorer,ce:UnblendedCost:SERVICE:DAILY:2026-08-01:2026-08-29,a0558b121de4035743f2d74d83298ed85f5e645854b8ca85cb40bd2e2823caea,AWS Cost Explorer backfill,,2026-08-19,2026-08-20,daily,8,EC2 - Other,EC2 - Other,0,UnblendedCost,2026-08,0.0776263195,USD,true,2026-08-28T17:23:45Z
85cce2c5682a59342ac5f24ffed13ec7dd0803414eef1b783666936c211e4621,aws_cost_explorer,ce:UnblendedCost:SERVICE:DAILY:2026-08-01:2026-08-29,a0558b121de4035743f2d74d83298ed85f5e645854b8ca85cb40bd2e2823caea,AWS Cost Explorer backfill,,2026-08-20,2026-08-21,daily,0,Total costs,Total costs,0,UnblendedCost,2026-08,2.8490362238,USD,true,2026-08-28T17:23:45Z
8fd9d925c4ff75d756073eb0166813363b1e3d5f1ce743711bc638d1e9ee2f11,aws_cost_explorer,ce:UnblendedCost:SERVICE:DAILY:2026-08-01:2026-08-29,a0558b121de4035743f2d74d83298ed85f5e645854b8ca85cb40bd2e2823caea,AWS Cost Explorer backfill,,2026-08-20,2026-08-21,daily,1,Amazon CloudFront,Amazon CloudFront,0,UnblendedCost,2026-08,0.0000025505,USD,true,2026-08-28T17:23:45Z
815d177223a531b24e9459c30e3807907fb8f82a9790948f5b92c933d43d4f0d,aws_cost_explorer,ce:UnblendedCost:SERVICE:DAILY:2026-08-01:2026-08-29,a0558b121de4035743f2d74d83298ed85f5e645854b8ca85cb40bd2e2823caea,AWS Cost Explorer backfill,,2026-08-20,2026-08-21,daily,2,Amazon EC2 Container Registry (ECR),Amazon EC2 Container Registry (ECR),0,UnblendedCost,2026-08,1.6586940912,USD,true,2026-08-28T17:23:45Z
31bc98d5997da5eb71f4b4a102cab7c07d71d2c432d875a7f66525d6ef7bd2b3,aws_cost_explorer,ce:UnblendedCost:SERVICE:DAILY:2026-08-01:2026-08-29,a0558b121de4035743f2d74d83298ed85f5e645854b8ca85cb40bd2e2823caea,AWS Cost Explorer backfill,,2026-08-20,2026-08-21,daily,3,Amazon Elastic Compute Cloud - Compute,Amazon Elastic Compute Cloud - Compute,0,UnblendedCost,2026-08,0.2784,USD,true,2026-08-28T17:23:45Z
60549bf08ac4dedc32a6cf968ee2a7667790078350e1ab860e846461369a7b13,aws_cost_explorer,ce:UnblendedCost:SERVICE:DAILY:2026-08-01:2026-08-29,a0558b121de4035743f2d74d83298ed85f5e645854b8ca85cb40bd2e2823caea,AWS Cost Explorer backfill,,2026-08-20,2026-08-21,daily,4,Amazon Relational Database Service,Amazon Relational Database Service,0,UnblendedCost,2026-08,0.4705600344,USD,true,2026-08-28T17:23:45Z
50f48ae203a79e92720c34cfc3c9a402b04fec3b6b6ce0d599f7fa06cfae7b70,aws_cost_explorer,ce:UnblendedCost:SERVICE:DAILY:2026-08-01:2026-08-29,a0558b121de4035743f2d74d83298ed85f5e645854b8ca85cb40bd2e2823caea,AWS Cost Explorer backfill,,2026-08-20,2026-08-21,daily,5,Amazon Route 53,Amazon Route 53,0,UnblendedCost,2026-08,0.0017912,USD,true,2026-08-28T17:23:45Z
176f0f06c9440f04acc583d269ccbbe7d01db1d6c873e77237136ec7d742a5ea,aws_cost_explorer,ce:UnblendedCost:SERVICE:DAILY:2026-08-01:2026-08-29,a0558b121de4035743f2d74d83298ed85f5e645854b8ca85cb40bd2e2823caea,AWS Cost Explorer backfill,,2026-08-20,2026-08-21,daily,6,Amazon Simple Storage Service,Amazon Simple Storage Service,0,UnblendedCost,2026-08,0.0018595031,USD,true,2026-08-28T17:23:45Z
0390324f938a4b660ef213de21ccb46a8eb723c4f6dd3e25dfdc7da73659bb34,aws_cost_explorer,ce:UnblendedCost:SERVICE:DAILY:2026-08-01:2026-08-29,a0558b121de4035743f2d74d83298ed85f5e645854b8ca85cb40bd2e2823caea,AWS Cost Explorer backfill,,2026-08-20,2026-08-21,daily,7,Amazon Virtual Private Cloud,Amazon Virtual Private Cloud,0,UnblendedCost,2026-08,0.36,USD,true,2026-08-28T17:23:45Z
2872c3f9a1979314ad10236158a5e9aeb6f3904e6ffd3b5496981b9ec4ba6cfc,aws_cost_explorer,ce:UnblendedCost:SERVICE:DAILY:2026-08-01:2026-08-29,a0558b121de4035743f2d74d83298ed85f5e645854b8ca85cb40bd2e2823caea,AWS Cost Explorer backfill,,2026-08-20,2026-08-21,daily,8,EC2 - Other,EC2 - Other,0,UnblendedCost,2026-08,0.0777288446,USD,true,2026-08-28T17:23:45Z
3881e4634d71964b75d440d9e4a6c9f496370e93e8f97918971838fee391865d,aws_cost_explorer,ce:UnblendedCost:SERVICE:DAILY:2026-08-01:2026-08-29,a0558b121de4035743f2d74d83298ed85f5e645854b8ca85cb40bd2e2823caea,AWS Cost Explorer backfill,,2026-08-21,2026-08-22,daily,0,Total costs,Total costs,0,UnblendedCost,2026-08,2.8868087119,USD,true,2026-08-28T17:23:45Z
c89905950945038d0b1623eae822790e8372e9e2f08f07339b2075a6d572bd39,aws_cost_explorer,ce:UnblendedCost:SERVICE:DAILY:2026-08-01:2026-08-29,a0558b121de4035743f2d74d83298ed85f5e645854b8ca85cb40bd2e2823caea,AWS Cost Explorer backfill,,2026-08-21,2026-08-22,daily,1,Amazon CloudFront,Amazon CloudFront,0,UnblendedCost,2026-08,0.0000413214,USD,true,2026-08-28T17:23:45Z
8f8c8f105b7bcf53f73786e7fcf2161b5d5cae001242410c7981e8ed78945c0a,aws_cost_explorer,ce:UnblendedCost:SERVICE:DAILY:2026-08-01:2026-08-29,a0558b121de4035743f2d74d83298ed85f5e645854b8ca85cb40bd2e2823caea,AWS Cost Explorer backfill,,2026-08-21,2026-08-22,daily,2,Amazon EC2 Container Registry (ECR),Amazon EC2 Container Registry (ECR),0,UnblendedCost,2026-08,1.6598766824,USD,true,2026-08-28T17:23:45Z
0deb65a473819901130368796b34b9b4ec39fd4781dd3ec75317c1fe5a95a759,aws_cost_explorer,ce:UnblendedCost:SERVICE:DAILY:2026-08-01:2026-08-29,a0558b121de4035743f2d74d83298ed85f5e645854b8ca85cb40bd2e2823caea,AWS Cost Explorer backfill,,2026-08-21,2026-08-22,daily,3,Amazon Elastic Compute Cloud - Compute,Amazon Elastic Compute Cloud - Compute,0,UnblendedCost,2026-08,0.2784,USD,true,2026-08-28T17:23:45Z
3201d6138a9a30b63d853e2ea43292ea7fc16c4e0a98eb961bf4a1dd503f87a9,aws_cost_explorer,ce:UnblendedCost:SERVICE:DAILY:2026-08-01:2026-08-29,a0558b121de4035743f2d74d83298ed85f5e645854b8ca85cb40bd2e2823caea,AWS Cost Explorer backfill,,2026-08-21,2026-08-22,daily,4,Amazon Relational Database Service,Amazon Relational Database Service,0,UnblendedCost,2026-08,0.470553675,USD,true,2026-08-28T17:23:45Z
f9cf219a0d0366bba961c830edd7be4e6f1eadd8d92e7c8ca97856735b5d53f8,aws_cost_explorer,ce:UnblendedCost:SERVICE:DAILY:2026-08-01:2026-08-29,a0558b121de4035743f2d74d83298ed85f5e645854b8ca85cb40bd2e2823caea,AWS Cost Explorer backfill,,2026-08-21,2026-08-22,daily,5,Amazon Route 53,Amazon Route 53,0,UnblendedCost,2026-08,0.0042928,USD,true,2026-08-28T17:23:45Z
d32fbab56c4fefbbc62bb4042744903e5f8c209a5e5ff5ca13e0ea925c092fd1,aws_cost_explorer,ce:UnblendedCost:SERVICE:DAILY:2026-08-01:2026-08-29,a0558b121de4035743f2d74d83298ed85f5e645854b8ca85cb40bd2e2823caea,AWS Cost Explorer backfill,,2026-08-21,2026-08-22,daily,6,Amazon Simple Storage Service,Amazon Simple Storage Service,0,UnblendedCost,2026-08,0.034271716,USD,true,2026-08-28T17:23:45Z
38c626d6f24aaa03d33c4bdd1d8830f34e382d69b2451e532d22fc5dd8a31342,aws_cost_explorer,ce:UnblendedCost:SERVICE:DAILY:2026-08-01:2026-08-29,a0558b121de4035743f2d74d83298ed85f5e645854b8ca85cb40bd2e2823caea,AWS Cost Explorer backfill,,2026-08-21,2026-08-22,daily,7,Amazon Virtual Private Cloud,Amazon Virtual Private Cloud,0,UnblendedCost,2026-08,0.36,USD,true,2026-08-28T17:23:45Z
968268fb233a10a8fee5beb0b13a85758975336a4a68b43a05684c27d8121354,aws_cost_explorer,ce:UnblendedCost:SERVICE:DAILY:2026-08-01:2026-08-29,a0558b121de4035743f2d74d83298ed85f5e645854b8ca85cb40bd2e2823caea,AWS Cost Explorer backfill,,2026-08-21,2026-08-22,daily,8,EC2 - Other,EC2 - Other,0,UnblendedCost,2026-08,0.0793725171,USD,true,2026-08-28T17:23:45Z
439b12395858aae6084b730cad3480da3d91e8fb8249126945f1f2a6bcab0bee,aws_cost_explorer,ce:UnblendedCost:SERVICE:DAILY:2026-08-01:2026-08-29,a0558b121de4035743f2d74d83298ed85f5e645854b8ca85cb40bd2e2823caea,AWS Cost Explorer backfill,,2026-08-22,2026-08-23,daily,0,Total costs,Total costs,0,UnblendedCost,2026-08,2.8573840718,USD,true,2026-08-28T17:23:45Z
2c73f39d5031e0cd2ff7e9dd1d6c259471112ac65b5d821c0f35742bb1921679,aws_cost_explorer,ce:UnblendedCost:SERVICE:DAILY:2026-08-01:2026-08-29,a0558b121de4035743f2d74d83298ed85f5e645854b8ca85cb40bd2e2823caea,AWS Cost Explorer backfill,,2026-08-22,2026-08-23,daily,1,Amazon CloudFront,Amazon CloudFront,0,UnblendedCost,2026-08,0.0000091658,USD,true,2026-08-28T17:23:45Z
9e52b4a5a7e10dbf27443c6ea1e6abfbb65ba92c71b1b7ce009915455d774158,aws_cost_explorer,ce:UnblendedCost:SERVICE:DAILY:2026-08-01:2026-08-29,a0558b121de4035743f2d74d83298ed85f5e645854b8ca85cb40bd2e2823caea,AWS Cost Explorer backfill,,2026-08-22,2026-08-23,daily,2,Amazon EC2 Container Registry (ECR),Amazon EC2 Container Registry (ECR),0,UnblendedCost,2026-08,1.6660303608,USD,true,2026-08-28T17:23:45Z
6dd88451431eec84ab5dd69584f65a4ecc5d31ec05768fc5f01dbf5b47b72d9a,aws_cost_explorer,ce:UnblendedCost:SERVICE:DAILY:2026-08-01:2026-08-29,a0558b121de4035743f2d74d83298ed85f5e645854b8ca85cb40bd2e2823caea,AWS Cost Explorer backfill,,2026-08-22,2026-08-23,daily,3,Amazon Elastic Compute Cloud - Compute,Amazon Elastic Compute Cloud - Compute,0,UnblendedCost,2026-08,0.2784,USD,true,2026-08-28T17:23:45Z
9c34dea10f4c08567587fa9133410d2a41eb4b20135d18b7e533df575a1844c5,aws_cost_explorer,ce:UnblendedCost:SERVICE:DAILY:2026-08-01:2026-08-29,a0558b121de4035743f2d74d83298ed85f5e645854b8ca85cb40bd2e2823caea,AWS Cost Explorer backfill,,2026-08-22,2026-08-23,daily,4,Amazon Relational Database Service,Amazon Relational Database Service,0,UnblendedCost,2026-08,0.4705795493,USD,true,2026-08-28T17:23:45Z
f904cafb2e92b60bd20a2516f6c5f0a8634ad2f4897b75a734e01750e7b71967,aws_cost_explorer,ce:UnblendedCost:SERVICE:DAILY:2026-08-01:2026-08-29,a0558b121de4035743f2d74d83298ed85f5e645854b8ca85cb40bd2e2823caea,AWS Cost Explorer backfill,,2026-08-22,2026-08-23,daily,5,Amazon Route 53,Amazon Route 53,0,UnblendedCost,2026-08,0.0026488,USD,true,2026-08-28T17:23:45Z
1b404991203074a62af78edda9f49027e18e84944842bf7f7d88ac02d602a680,aws_cost_explorer,ce:UnblendedCost:SERVICE:DAILY:2026-08-01:2026-08-29,a0558b121de4035743f2d74d83298ed85f5e645854b8ca85cb40bd2e2823caea,AWS Cost Explorer backfill,,2026-08-22,2026-08-23,daily,6,Amazon Simple Storage Service,Amazon Simple Storage Service,0,UnblendedCost,2026-08,0.0019569101,USD,true,2026-08-28T17:23:45Z
f564e11fca8f99e51db38528d6a5d4d399d13038b48a6a798cf17048ea9b5545,aws_cost_explorer,ce:UnblendedCost:SERVICE:DAILY:2026-08-01:2026-08-29,a0558b121de4035743f2d74d83298ed85f5e645854b8ca85cb40bd2e2823caea,AWS Cost Explorer backfill,,2026-08-22,2026-08-23,daily,7,Amazon Virtual Private Cloud,Amazon Virtual Private Cloud,0,UnblendedCost,2026-08,0.36,USD,true,2026-08-28T17:23:45Z
5cf9fbe8465f729700cbeb160752da729ace3a5e030edea1ac2591878ba9ac39,aws_cost_explorer,ce:UnblendedCost:SERVICE:DAILY:2026-08-01:2026-08-29,a0558b121de4035743f2d74d83298ed85f5e645854b8ca85cb40bd2e2823caea,AWS Cost Explorer backfill,,2026-08-22,2026-08-23,daily,8,EC2 - Other,EC2 - Other,0,UnblendedCost,2026-08,0.0777592858,USD,true,2026-08-28T17:23:45Z
cec6addc7d5454d138fe08dc8a5c3e2dba08cd7c5e71be9bbb2d239e6d8c2706,aws_cost_explorer,ce:UnblendedCost:SERVICE:DAILY:2026-08-01:2026-08-29,a0558b121de4035743f2d74d83298ed85f5e645854b8ca85cb40bd2e2823caea,AWS Cost Explorer backfill,,2026-08-23,2026-08-24,daily,0,Total costs,Total costs,0,UnblendedCost,2026-08,2.8761878741,USD,true,2026-08-28T17:23:45Z
0d2ada80235e9cae5ade6659d6fd6f0547abd63ba22d21487f776c15430281ba,aws_cost_explorer,ce:UnblendedCost:SERVICE:DAILY:2026-08-01:2026-08-29,a0558b121de4035743f2d74d83298ed85f5e645854b8ca85cb40bd2e2823caea,AWS Cost Explorer backfill,,2026-08-23,2026-08-24,daily,1,Amazon CloudFront,Amazon CloudFront,0,UnblendedCost,2026-08,0.000025003,USD,true,2026-08-28T17:23:45Z
36b32b1131f5b1b10791f08bd9c9e7fd36b1a1a510e396917855f514597ae4b8,aws_cost_explorer,ce:UnblendedCost:SERVICE:DAILY:2026-08-01:2026-08-29,a0558b121de4035743f2d74d83298ed85f5e645854b8ca85cb40bd2e2823caea,AWS Cost Explorer backfill,,2026-08-23,2026-08-24,daily,2,Amazon EC2 Container Registry (ECR),Amazon EC2 Container Registry (ECR),0,UnblendedCost,2026-08,1.6663479072,USD,true,2026-08-28T17:23:45Z
b030e057b2a48b0c26f70d876554a21eed0478bd6f6148c0906d91f49a9c6a80,aws_cost_explorer,ce:UnblendedCost:SERVICE:DAILY:2026-08-01:2026-08-29,a0558b121de4035743f2d74d83298ed85f5e645854b8ca85cb40bd2e2823caea,AWS Cost Explorer backfill,,2026-08-23,2026-08-24,daily,3,Amazon Elastic Compute Cloud - Compute,Amazon Elastic Compute Cloud - Compute,0,UnblendedCost,2026-08,0.2784,USD,true,2026-08-28T17:23:45Z
e68a3ea6bb56e10970820ae5150364f733ca36e3ab7849a6ef622aa4637264bf,aws_cost_explorer,ce:UnblendedCost:SERVICE:DAILY:2026-08-01:2026-08-29,a0558b121de4035743f2d74d83298ed85f5e645854b8ca85cb40bd2e2823caea,AWS Cost Explorer backfill,,2026-08-23,2026-08-24,daily,4,Amazon Relational Database Service,Amazon Relational Database Service,0,UnblendedCost,2026-08,0.470737102,USD,true,2026-08-28T17:23:45Z
ca7934d0bdfa7e85138299d498c17e45f160cdfdb4185494ee30d44bbabd72e9,aws_cost_explorer,ce:UnblendedCost:SERVICE:DAILY:2026-08-01:2026-08-29,a0558b121de4035743f2d74d83298ed85f5e645854b8ca85cb40bd2e2823caea,AWS Cost Explorer backfill,,2026-08-23,2026-08-24,daily,5,Amazon Route 53,Amazon Route 53,0,UnblendedCost,2026-08,0.0062068,USD,true,2026-08-28T17:23:45Z
88267b8d4c0f8c6ecd8b49d59d8d4e2327087c4f3783eb6c66a42d2b1e6f2628,aws_cost_explorer,ce:UnblendedCost:SERVICE:DAILY:2026-08-01:2026-08-29,a0558b121de4035743f2d74d83298ed85f5e645854b8ca85cb40bd2e2823caea,AWS Cost Explorer backfill,,2026-08-23,2026-08-24,daily,6,Amazon Simple Storage Service,Amazon Simple Storage Service,0,UnblendedCost,2026-08,0.0154595085,USD,true,2026-08-28T17:23:45Z
031acc96c976b2bf6b0bf7984eab9bdcbefaa8c60450c5126df4d6297e3b4d6f,aws_cost_explorer,ce:UnblendedCost:SERVICE:DAILY:2026-08-01:2026-08-29,a0558b121de4035743f2d74d83298ed85f5e645854b8ca85cb40bd2e2823caea,AWS Cost Explorer backfill,,2026-08-23,2026-08-24,daily,7,Amazon Virtual Private Cloud,Amazon Virtual Private Cloud,0,UnblendedCost,2026-08,0.36,USD,true,2026-08-28T17:23:45Z
72f05b3e618e644e35ccdc772a6234212a524ce68593782ce37422190bc0b406,aws_cost_explorer,ce:UnblendedCost:SERVICE:DAILY:2026-08-01:2026-08-29,a0558b121de4035743f2d74d83298ed85f5e645854b8ca85cb40bd2e2823caea,AWS Cost Explorer backfill,,2026-08-23,2026-08-24,daily,8,EC2 - Other,EC2 - Other,0,UnblendedCost,2026-08,0.0790115534,USD,true,2026-08-28T17:23:45Z
67c5bf61249ef74bbd6f299a7fe2e9ac077537f5f6e081a681a034c50a3c731f,aws_cost_explorer,ce:UnblendedCost:SERVICE:DAILY:2026-08-01:2026-08-29,a0558b121de4035743f2d74d83298ed85f5e645854b8ca85cb40bd2e2823caea,AWS Cost Explorer backfill,,2026-08-24,2026-08-25,daily,0,Total costs,Total costs,0,UnblendedCost,2026-08,2.9212163811,USD,true,2026-08-28T17:23:45Z
ccfed1cc4a0b07eb1dfe92f889d42d08ed90a6178fa0acb6dd5c2b5d78d7e19a,aws_cost_explorer,ce:UnblendedCost:SERVICE:DAILY:2026-08-01:2026-08-29,a0558b121de4035743f2d74d83298ed85f5e645854b8ca85cb40bd2e2823caea,AWS Cost Explorer backfill,,2026-08-24,2026-08-25,daily,1,Amazon CloudFront,Amazon CloudFront,0,UnblendedCost,2026-08,0.0001514228,USD,true,2026-08-28T17:23:45Z
a049d64489b179a4bec0daba33f4926d684a501e575c19372a3d05acb216095f,aws_cost_explorer,ce:UnblendedCost:SERVICE:DAILY:2026-08-01:2026-08-29,a0558b121de4035743f2d74d83298ed85f5e645854b8ca85cb40bd2e2823caea,AWS Cost Explorer backfill,,2026-08-24,2026-08-25,daily,2,Amazon EC2 Container Registry (ECR),Amazon EC2 Container Registry (ECR),0,UnblendedCost,2026-08,1.6694099988,USD,true,2026-08-28T17:23:45Z
cb6e3682fe3a5dd1da2b783df045b1403a8aa197a2898c59d006b616205c1d34,aws_cost_explorer,ce:UnblendedCost:SERVICE:DAILY:2026-08-01:2026-08-29,a0558b121de4035743f2d74d83298ed85f5e645854b8ca85cb40bd2e2823caea,AWS Cost Explorer backfill,,2026-08-24,2026-08-25,daily,3,Amazon Elastic Compute Cloud - Compute,Amazon Elastic Compute Cloud - Compute,0,UnblendedCost,2026-08,0.2784,USD,true,2026-08-28T17:23:45Z
5f0ff49ee7605ab5165adb05cccf8944998fe9155e938687f412da86e6494a72,aws_cost_explorer,ce:UnblendedCost:SERVICE:DAILY:2026-08-01:2026-08-29,a0558b121de4035743f2d74d83298ed85f5e645854b8ca85cb40bd2e2823caea,AWS Cost Explorer backfill,,2026-08-24,2026-08-25,daily,4,Amazon Relational Database Service,Amazon Relational Database Service,0,UnblendedCost,2026-08,0.470842345,USD,true,2026-08-28T17:23:45Z
4cca7a823488ddfcd02cf1aa2d988b14bfdc20e56b26a7edc979f5d72f57b220,aws_cost_explorer,ce:UnblendedCost:SERVICE:DAILY:2026-08-01:2026-08-29,a0558b121de4035743f2d74d83298ed85f5e645854b8ca85cb40bd2e2823caea,AWS Cost Explorer backfill,,2026-08-24,2026-08-25,daily,5,Amazon Route 53,Amazon Route 53,0,UnblendedCost,2026-08,0.0098336,USD,true,2026-08-28T17:23:45Z
1a83f53189f2a4f4b56d6a2a8c003804b2d45e2f34b42f550f4da16433bb9996,aws_cost_explorer,ce:UnblendedCost:SERVICE:DAILY:2026-08-01:2026-08-29,a0558b121de4035743f2d74d83298ed85f5e645854b8ca85cb40bd2e2823caea,AWS Cost Explorer backfill,,2026-08-24,2026-08-25,daily,6,Amazon Simple Storage Service,Amazon Simple Storage Service,0,UnblendedCost,2026-08,0.0404630912,USD,true,2026-08-28T17:23:45Z
2f931f05c213c5df35bc45fe456da463ce014de3318776f397de8f43dc84844b,aws_cost_explorer,ce:UnblendedCost:SERVICE:DAILY:2026-08-01:2026-08-29,a0558b121de4035743f2d74d83298ed85f5e645854b8ca85cb40bd2e2823caea,AWS Cost Explorer backfill,,2026-08-24,2026-08-25,daily,7,Amazon Virtual Private Cloud,Amazon Virtual Private Cloud,0,UnblendedCost,2026-08,0.36,USD,true,2026-08-28T17:23:45Z
8e4ff70f4171da087758b007e4890a538d926832cc097f50fc8ed7c35e136bf1,aws_cost_explorer,ce:UnblendedCost:SERVICE:DAILY:2026-08-01:2026-08-29,a0558b121de4035743f2d74d83298ed85f5e645854b8ca85cb40bd2e2823caea,AWS Cost Explorer backfill,,2026-08-24,2026-08-25,daily,8,EC2 - Other,EC2 - Other,0,UnblendedCost,2026-08,0.0921159233,USD,true,2026-08-28T17:23:45Z
f42a4486d00c4233faa8f5e3a9e932502fa08f02962889fc0dde0f62a8860e12,aws_cost_explorer,ce:UnblendedCost:SERVICE:DAILY:2026-08-01:2026-08-29,a0558b121de4035743f2d74d83298ed85f5e645854b8ca85cb40bd2e2823caea,AWS Cost Explorer backfill,,2026-08-25,2026-08-26,daily,0,Total costs,Total costs,0,UnblendedCost,2026-08,2.9361704362,USD,true,2026-08-28T17:23:45Z
c1daa7ae75ccf8301a532917eef89b21916d7868d07a2571845fd76417c3fa19,aws_cost_explorer,ce:UnblendedCost:SERVICE:DAILY:2026-08-01:2026-08-29,a0558b121de4035743f2d74d83298ed85f5e645854b8ca85cb40bd2e2823caea,AWS Cost Explorer backfill,,2026-08-25,2026-08-26,daily,1,Amazon CloudFront,Amazon CloudFront,0,UnblendedCost,2026-08,0.0001550822,USD,true,2026-08-28T17:23:45Z
499acc20940009a542db686a0b27ec8c1423a3318c7244abb531a1696035d755,aws_cost_explorer,ce:UnblendedCost:SERVICE:DAILY:2026-08-01:2026-08-29,a0558b121de4035743f2d74d83298ed85f5e645854b8ca85cb40bd2e2823caea,AWS Cost Explorer backfill,,2026-08-25,2026-08-26,daily,2,Amazon EC2 Container Registry (ECR),Amazon EC2 Container Registry (ECR),0,UnblendedCost,2026-08,1.6779131765,USD,true,2026-08-28T17:23:45Z
b5e6c34c686b3cac0604201852d31d8a03b2f65619484003415fc55065b565c0,aws_cost_explorer,ce:UnblendedCost:SERVICE:DAILY:2026-08-01:2026-08-29,a0558b121de4035743f2d74d83298ed85f5e645854b8ca85cb40bd2e2823caea,AWS Cost Explorer backfill,,2026-08-25,2026-08-26,daily,3,Amazon Elastic Compute Cloud - Compute,Amazon Elastic Compute Cloud - Compute,0,UnblendedCost,2026-08,0.2784,USD,true,2026-08-28T17:23:45Z
a022fa4c48c9626950fd2231b13ecfb633aa1ea227b4598e394410caf4d68eb0,aws_cost_explorer,ce:UnblendedCost:SERVICE:DAILY:2026-08-01:2026-08-29,a0558b121de4035743f2d74d83298ed85f5e645854b8ca85cb40bd2e2823caea,AWS Cost Explorer backfill,,2026-08-25,2026-08-26,daily,4,Amazon Relational Database Service,Amazon Relational Database Service,0,UnblendedCost,2026-08,0.4710397379,USD,true,2026-08-28T17:23:45Z
4f62727a4854abd3a2e95e9d999e536f1434a60f87b3ad639a2dd8359e5a978e,aws_cost_explorer,ce:UnblendedCost:SERVICE:DAILY:2026-08-01:2026-08-29,a0558b121de4035743f2d74d83298ed85f5e645854b8ca85cb40bd2e2823caea,AWS Cost Explorer backfill,,2026-08-25,2026-08-26,daily,5,Amazon Route 53,Amazon Route 53,0,UnblendedCost,2026-08,0.010084,USD,true,2026-08-28T17:23:45Z
f5247a61b7ef40ab76f0ba9ee31faea45b7ff40ac35948430f3d5f2bcc57b307,aws_cost_explorer,ce:UnblendedCost:SERVICE:DAILY:2026-08-01:2026-08-29,a0558b121de4035743f2d74d83298ed85f5e645854b8ca85cb40bd2e2823caea,AWS Cost Explorer backfill,,2026-08-25,2026-08-26,daily,6,Amazon Simple Storage Service,Amazon Simple Storage Service,0,UnblendedCost,2026-08,0.0511789141,USD,true,2026-08-28T17:23:45Z
a9cb9c8b0de0f42d4683bad944bb9d3f16a824e68205cd6e55034ed665fb36d6,aws_cost_explorer,ce:UnblendedCost:SERVICE:DAILY:2026-08-01:2026-08-29,a0558b121de4035743f2d74d83298ed85f5e645854b8ca85cb40bd2e2823caea,AWS Cost Explorer backfill,,2026-08-25,2026-08-26,daily,7,Amazon Virtual Private Cloud,Amazon Virtual Private Cloud,0,UnblendedCost,2026-08,0.36,USD,true,2026-08-28T17:23:45Z
547a3e8b73d47fa50703daf79930c50d6483600a3ca5a848b5cf1802beb5e456,aws_cost_explorer,ce:UnblendedCost:SERVICE:DAILY:2026-08-01:2026-08-29,a0558b121de4035743f2d74d83298ed85f5e645854b8ca85cb40bd2e2823caea,AWS Cost Explorer backfill,,2026-08-25,2026-08-26,daily,8,EC2 - Other,EC2 - Other,0,UnblendedCost,2026-08,0.0873995255,USD,true,2026-08-28T17:23:45Z
2c90a0f0648cf0b936ae5f75d5e472c79c83600f29fe7ee9ddbd90b78be0ca33,aws_cost_explorer,ce:UnblendedCost:SERVICE:DAILY:2026-08-01:2026-08-29,a0558b121de4035743f2d74d83298ed85f5e645854b8ca85cb40bd2e2823caea,AWS Cost Explorer backfill,,2026-08-26,2026-08-27,daily,0,Total costs,Total costs,0,UnblendedCost,2026-08,3.0215190932,USD,true,2026-08-28T17:23:45Z
0b17cfac737fa41f70f5760e4dae1c8e21cd3532e3cfa0b416272e5900cdc614,aws_cost_explorer,ce:UnblendedCost:SERVICE:DAILY:2026-08-01:2026-08-29,a0558b121de4035743f2d74d83298ed85f5e645854b8ca85cb40bd2e2823caea,AWS Cost Explorer backfill,,2026-08-26,2026-08-27,daily,1,Amazon CloudFront,Amazon CloudFront,0,UnblendedCost,2026-08,0.0001179441,USD,true,2026-08-28T17:23:45Z
6d0cf0335246df1f0d548492b4654a999f69790ed67227a790b6d4dee6ddd157,aws_cost_explorer,ce:UnblendedCost:SERVICE:DAILY:2026-08-01:2026-08-29,a0558b121de4035743f2d74d83298ed85f5e645854b8ca85cb40bd2e2823caea,AWS Cost Explorer backfill,,2026-08-26,2026-08-27,daily,2,Amazon EC2 Container Registry (ECR),Amazon EC2 Container Registry (ECR),0,UnblendedCost,2026-08,1.6874158323,USD,true,2026-08-28T17:23:45Z
93f946274edb692af3f930a4d719052ece9a86295fd83713480f3ea00c41e103,aws_cost_explorer,ce:UnblendedCost:SERVICE:DAILY:2026-08-01:2026-08-29,a0558b121de4035743f2d74d83298ed85f5e645854b8ca85cb40bd2e2823caea,AWS Cost Explorer backfill,,2026-08-26,2026-08-27,daily,3,Amazon Elastic Compute Cloud - Compute,Amazon Elastic Compute Cloud - Compute,0,UnblendedCost,2026-08,0.2784,USD,true,2026-08-28T17:23:45Z
73adca1745264571c3b0d4dddd84b02862d56bc9581078360d6e71a68c3d8e91,aws_cost_explorer,ce:UnblendedCost:SERVICE:DAILY:2026-08-01:2026-08-29,a0558b121de4035743f2d74d83298ed85f5e645854b8ca85cb40bd2e2823caea,AWS Cost Explorer backfill,,2026-08-26,2026-08-27,daily,4,Amazon Relational Database Service,Amazon Relational Database Service,0,UnblendedCost,2026-08,0.4712500369,USD,true,2026-08-28T17:23:45Z
818199cc24e792525b60cf27c0a10f6e5046cf01125c793366ccabaea94d6025,aws_cost_explorer,ce:UnblendedCost:SERVICE:DAILY:2026-08-01:2026-08-29,a0558b121de4035743f2d74d83298ed85f5e645854b8ca85cb40bd2e2823caea,AWS Cost Explorer backfill,,2026-08-26,2026-08-27,daily,5,Amazon Route 53,Amazon Route 53,0,UnblendedCost,2026-08,0.0120636,USD,true,2026-08-28T17:23:45Z
518ff78dd9bf4fb919b15fd5ca36b2e5f25ca05bf47f65d2740c0b6ca6338cb1,aws_cost_explorer,ce:UnblendedCost:SERVICE:DAILY:2026-08-01:2026-08-29,a0558b121de4035743f2d74d83298ed85f5e645854b8ca85cb40bd2e2823caea,AWS Cost Explorer backfill,,2026-08-26,2026-08-27,daily,6,Amazon Simple Storage Service,Amazon Simple Storage Service,0,UnblendedCost,2026-08,0.1253031406,USD,true,2026-08-28T17:23:45Z
b21e9c25624eb0a12670a0428ac6ee17a0509c97d37455e989055138f7e48acf,aws_cost_explorer,ce:UnblendedCost:SERVICE:DAILY:2026-08-01:2026-08-29,a0558b121de4035743f2d74d83298ed85f5e645854b8ca85cb40bd2e2823caea,AWS Cost Explorer backfill,,2026-08-26,2026-08-27,daily,7,Amazon Virtual Private Cloud,Amazon Virtual Private Cloud,0,UnblendedCost,2026-08,0.36,USD,true,2026-08-28T17:23:45Z
d07e40eb60aa4cf50051f3417df81680b2f8d7160b024cd214bb08a7fe75451d,aws_cost_explorer,ce:UnblendedCost:SERVICE:DAILY:2026-08-01:2026-08-29,a0558b121de4035743f2d74d83298ed85f5e645854b8ca85cb40bd2e2823caea,AWS Cost Explorer backfill,,2026-08-26,2026-08-27,daily,8,EC2 - Other,EC2 - Other,0,UnblendedCost,2026-08,0.0869685393,USD,true,2026-08-28T17:23:45Z
685f293a47789f6c05e9a866060ad9e2f415a1b471af4f60873e6a6bb88f2c40,aws_cost_explorer,ce:UnblendedCost:SERVICE:DAILY:2026-08-01:2026-08-29,a0558b121de4035743f2d74d83298ed85f5e645854b8ca85cb40bd2e2823caea,AWS Cost Explorer backfill,,2026-08-27,2026-08-28,daily,0,Total costs,Total costs,0,UnblendedCost,2026-08,2.9501269002,USD,true,2026-08-28T17:23:45Z
e3177b192d379c6ea378b77edeb482c057c6d3f9a6491899473a97c6f425f510,aws_cost_explorer,ce:UnblendedCost:SERVICE:DAILY:2026-08-01:2026-08-29,a0558b121de4035743f2d74d83298ed85f5e645854b8ca85cb40bd2e2823caea,AWS Cost Explorer backfill,,2026-08-27,2026-08-28,daily,1,Amazon CloudFront,Amazon CloudFront,0,UnblendedCost,2026-08,0.0002199124,USD,true,2026-08-28T17:23:45Z
760a9fe4c359351434189320560f26f92ab48b46acdce9e09688680989fa498b,aws_cost_explorer,ce:UnblendedCost:SERVICE:DAILY:2026-08-01:2026-08-29,a0558b121de4035743f2d74d83298ed85f5e645854b8ca85cb40bd2e2823caea,AWS Cost Explorer backfill,,2026-08-27,2026-08-28,daily,2,Amazon EC2 Container Registry (ECR),Amazon EC2 Container Registry (ECR),0,UnblendedCost,2026-08,1.7012372499,USD,true,2026-08-28T17:23:45Z
b44b491d0d96fe8383fee1f2d8415c605c3ad7d32fd1d6c114b2f424297904e3,aws_cost_explorer,ce:UnblendedCost:SERVICE:DAILY:2026-08-01:2026-08-29,a0558b121de4035743f2d74d83298ed85f5e645854b8ca85cb40bd2e2823caea,AWS Cost Explorer backfill,,2026-08-27,2026-08-28,daily,3,Amazon Elastic Compute Cloud - Compute,Amazon Elastic Compute Cloud - Compute,0,UnblendedCost,2026-08,0.2784,USD,true,2026-08-28T17:23:45Z
57f47a632407704f9509a8b3f85ec11218779e279ce3018104bc6f7fbda81b0f,aws_cost_explorer,ce:UnblendedCost:SERVICE:DAILY:2026-08-01:2026-08-29,a0558b121de4035743f2d74d83298ed85f5e645854b8ca85cb40bd2e2823caea,AWS Cost Explorer backfill,,2026-08-27,2026-08-28,daily,4,Amazon Relational Database Service,Amazon Relational Database Service,0,UnblendedCost,2026-08,0.4653562426,USD,true,2026-08-28T17:23:45Z
a1920f7793b4309086e312aeb78bf240dbbf4f2a127966bb71068c4dcf314084,aws_cost_explorer,ce:UnblendedCost:SERVICE:DAILY:2026-08-01:2026-08-29,a0558b121de4035743f2d74d83298ed85f5e645854b8ca85cb40bd2e2823caea,AWS Cost Explorer backfill,,2026-08-27,2026-08-28,daily,5,Amazon Route 53,Amazon Route 53,0,UnblendedCost,2026-08,0.0127024,USD,true,2026-08-28T17:23:45Z
77c1e0a5fe49aa78f8f2d5d4dbe192c0cee5a4863274ba3683397d37c9b1565a,aws_cost_explorer,ce:UnblendedCost:SERVICE:DAILY:2026-08-01:2026-08-29,a0558b121de4035743f2d74d83298ed85f5e645854b8ca85cb40bd2e2823caea,AWS Cost Explorer backfill,,2026-08-27,2026-08-28,daily,6,Amazon Simple Storage Service,Amazon Simple Storage Service,0,UnblendedCost,2026-08,0.0403173277,USD,true,2026-08-28T17:23:45Z
0e7ce8a304c32254751e6f00c00576992c2eca58ff1814a04da91ab7a4e1a523,aws_cost_explorer,ce:UnblendedCost:SERVICE:DAILY:2026-08-01:2026-08-29,a0558b121de4035743f2d74d83298ed85f5e645854b8ca85cb40bd2e2823caea,AWS Cost Explorer backfill,,2026-08-27,2026-08-28,daily,7,Amazon Virtual Private Cloud,Amazon Virtual Private Cloud,0,UnblendedCost,2026-08,0.36,USD,true,2026-08-28T17:23:45Z
e33bca89edd2a18dc87093d4ba54dda7cbaa02348e8ac12662879ce06cae772b,aws_cost_explorer,ce:UnblendedCost:SERVICE:DAILY:2026-08-01:2026-08-29,a0558b121de4035743f2d74d83298ed85f5e645854b8ca85cb40bd2e2823caea,AWS Cost Explorer backfill,,2026-08-27,2026-08-28,daily,8,EC2 - Other,EC2 - Other,0,UnblendedCost,2026-08,0.0918937676,USD,true,2026-08-28T17:23:45Z
4e0a1c6f53e877f94b1e6510b4284e910fb911491e8b446832efdbd197ac0e30,aws_cost_explorer,ce:UnblendedCost:SERVICE:DAILY:2026-08-01:2026-08-29,a0558b121de4035743f2d74d83298ed85f5e645854b8ca85cb40bd2e2823caea,AWS Cost Explorer backfill,,2026-08-28,2026-08-29,daily,0,Total costs,Total costs,0,UnblendedCost,2026-08,0.4638306043,USD,true,2026-08-28T17:23:45Z
8dde5cc938463bc48ec2abaac0ceea11c1ad423c88afb4524ac865d33f997662,aws_cost_explorer,ce:UnblendedCost:SERVICE:DAILY:2026-08-01:2026-08-29,a0558b121de4035743f2d74d83298ed85f5e645854b8ca85cb40bd2e2823caea,AWS Cost Explorer backfill,,2026-08-28,2026-08-29,daily,1,Amazon CloudFront,Amazon CloudFront,0,UnblendedCost,2026-08,0.0000245534,USD,true,2026-08-28T17:23:45Z
0b31d8db24a89ea788a5f24328ca6b90c7a0be340e330b335da2052ce055e746,aws_cost_explorer,ce:UnblendedCost:SERVICE:DAILY:2026-08-01:2026-08-29,a0558b121de4035743f2d74d83298ed85f5e645854b8ca85cb40bd2e2823caea,AWS Cost Explorer backfill,,2026-08-28,2026-08-29,daily,2,Amazon EC2 Container Registry (ECR),Amazon EC2 Container Registry (ECR),0,UnblendedCost,2026-08,0.2841721661,USD,true,2026-08-28T17:23:45Z
c9b2884d1939a31a5613304a7685b2e3cc22996e9eb21933c7f1870947a90be8,aws_cost_explorer,ce:UnblendedCost:SERVICE:DAILY:2026-08-01:2026-08-29,a0558b121de4035743f2d74d83298ed85f5e645854b8ca85cb40bd2e2823caea,AWS Cost Explorer backfill,,2026-08-28,2026-08-29,daily,3,Amazon Elastic Compute Cloud - Compute,Amazon Elastic Compute Cloud - Compute,0,UnblendedCost,2026-08,0.0219465504,USD,true,2026-08-28T17:23:45Z
eb731193318cac42c48fdb96ef62ed3568266d95a33b8cdcdce9a2348a8d7d25,aws_cost_explorer,ce:UnblendedCost:SERVICE:DAILY:2026-08-01:2026-08-29,a0558b121de4035743f2d74d83298ed85f5e645854b8ca85cb40bd2e2823caea,AWS Cost Explorer backfill,,2026-08-28,2026-08-29,daily,4,Amazon Relational Database Service,Amazon Relational Database Service,0,UnblendedCost,2026-08,0.0572741934,USD,true,2026-08-28T17:23:45Z
39fc0997b7a02975934b021ce9edc1d6a4367d4ddc659d59d746af98b0faf366,aws_cost_explorer,ce:UnblendedCost:SERVICE:DAILY:2026-08-01:2026-08-29,a0558b121de4035743f2d74d83298ed85f5e645854b8ca85cb40bd2e2823caea,AWS Cost Explorer backfill,,2026-08-28,2026-08-29,daily,5,Amazon Route 53,Amazon Route 53,0,UnblendedCost,2026-08,0.0026052,USD,true,2026-08-28T17:23:45Z
1ce1b54316f4a63e88ab1e9fa80b788ad11725fb879eda425fff617946d64b13,aws_cost_explorer,ce:UnblendedCost:SERVICE:DAILY:2026-08-01:2026-08-29,a0558b121de4035743f2d74d83298ed85f5e645854b8ca85cb40bd2e2823caea,AWS Cost Explorer backfill,,2026-08-28,2026-08-29,daily,6,Amazon Simple Storage Service,Amazon Simple Storage Service,0,UnblendedCost,2026-08,0.036377,USD,true,2026-08-28T17:23:45Z
92609e083e3198f87bc31d1621bed91bf82cf52945102c9c6a0f84ce8926a148,aws_cost_explorer,ce:UnblendedCost:SERVICE:DAILY:2026-08-01:2026-08-29,a0558b121de4035743f2d74d83298ed85f5e645854b8ca85cb40bd2e2823caea,AWS Cost Explorer backfill,,2026-08-28,2026-08-29,daily,7,Amazon Virtual Private Cloud,Amazon Virtual Private Cloud,0,UnblendedCost,2026-08,0.06,USD,true,2026-08-28T17:23:45Z
98c0975742f87160ec01f37f00e81a1483071eb6009298eac07d4a2d11cd8cea,aws_cost_explorer,ce:UnblendedCost:SERVICE:DAILY:2026-08-01:2026-08-29,a0558b121de4035743f2d74d83298ed85f5e645854b8ca85cb40bd2e2823caea,AWS Cost Explorer backfill,,2026-08-28,2026-08-29,daily,8,EC2 - Other,EC2 - Other,0,UnblendedCost,2026-08,0.001430941,USD,true,2026-08-28T17:23:45Z
b86a6473fa289dfbb8e123d98818f32bedf644856850413c3d8c0e8a1dc056ff,aws_invoice_pdf,2224624145,31532af633cbba7b1c03aaf23f111b417afba9b4bca5d1bfc88523500ec9f7d5,AWS Invoice 2224624145,2025-07-02T05:16:11.602000+00:00,2025-06-01,2025-07-01,monthly_invoice,0,Total costs,Total costs,0,Final invoice,2025-06,0.01,USD,false,2026-08-28T18:03:19Z
ee4ffe6c62c13b802c2851f04f743eb7c60fe187f7e3f3001c374977f889568a,aws_invoice_pdf,2224624145,31532af633cbba7b1c03aaf23f111b417afba9b4bca5d1bfc88523500ec9f7d5,AWS Invoice 2224624145,2025-07-02T05:16:11.602000+00:00,2025-06-01,2025-07-01,monthly_invoice,1,Amazon Simple Storage Service,Amazon Simple Storage Service,0,Final invoice,2025-06,0.01,USD,false,2026-08-28T18:03:19Z
53be6fc66364a9d06a7c368469ca2f1f2e15e7ad384f59907c90237f1fa3f873,aws_invoice_pdf,2260899117,f0435a33c6c308ddd053eb7001eb6bc090e2f2e1be8a13f2e70a335e605d549f,AWS Invoice 2260899117,2025-08-02T01:11:30.131000+00:00,2025-07-01,2025-08-01,monthly_invoice,0,Total costs,Total costs,0,Final invoice,2025-07,0.01,USD,false,2026-08-28T18:03:19Z
9fe3a00636dd64197d73038d33ee063a53ba7752c0a37afb3107f61299376f2e,aws_invoice_pdf,2260899117,f0435a33c6c308ddd053eb7001eb6bc090e2f2e1be8a13f2e70a335e605d549f,AWS Invoice 2260899117,2025-08-02T01:11:30.131000+00:00,2025-07-01,2025-08-01,monthly_invoice,1,Amazon Simple Storage Service,Amazon Simple Storage Service,0,Final invoice,2025-07,0.01,USD,false,2026-08-28T18:03:19Z
33839ee8982966fc5874e99ae438114e73c93d5331e256dbcb039e3088e08578,aws_invoice_pdf,2297600801,91184ae8470a40d26c8e43e53b165db7094aa597ef2fe5555e7f993cd70c365c,AWS Invoice 2297600801,2025-09-02T00:41:00.612000+00:00,2025-08-01,2025-09-01,monthly_invoice,0,Total costs,Total costs,0,Final invoice,2025-08,0.01,USD,false,2026-08-28T18:03:19Z
07bbaaf98053497222b13617fd2b427743960706ca2f51d551a7615aacb8e9f4,aws_invoice_pdf,2297600801,91184ae8470a40d26c8e43e53b165db7094aa597ef2fe5555e7f993cd70c365c,AWS Invoice 2297600801,2025-09-02T00:41:00.612000+00:00,2025-08-01,2025-09-01,monthly_invoice,1,Amazon Simple Storage Service,Amazon Simple Storage Service,0,Final invoice,2025-08,0.01,USD,false,2026-08-28T18:03:19Z
3525c3acd16997746eb6b1b1070854d09dd0386392934036e8c8df83ba81766e,aws_invoice_pdf,2344693461,5fa8e04151690a7696735c6d1ac0185b393eaccdfd31526f400076cee6bddfd9,AWS Invoice 2344693461,2025-10-02T10:19:48.658000+00:00,2025-09-01,2025-10-01,monthly_invoice,0,Total costs,Total costs,0,Final invoice,2025-09,9.71,USD,false,2026-08-28T18:03:19Z
ae7ff767ef6d1033c92d401f5cb2de88d1e83cbc488fd92723b623983ea1a5fa,aws_invoice_pdf,2344693461,5fa8e04151690a7696735c6d1ac0185b393eaccdfd31526f400076cee6bddfd9,AWS Invoice 2344693461,2025-10-02T10:19:48.658000+00:00,2025-09-01,2025-10-01,monthly_invoice,1,Amazon Simple Storage Service,Amazon Simple Storage Service,0,Final invoice,2025-09,0.01,USD,false,2026-08-28T18:03:19Z
f7043fdfc0ad6bc8923d3480813839565bcc379a717af0b4b3940d3baace950d,aws_invoice_pdf,2344693461,5fa8e04151690a7696735c6d1ac0185b393eaccdfd31526f400076cee6bddfd9,AWS Invoice 2344693461,2025-10-02T10:19:48.658000+00:00,2025-09-01,2025-10-01,monthly_invoice,2,Amazon Relational Database Service,Amazon Relational Database Service,0,Final invoice,2025-09,3.68,USD,false,2026-08-28T18:03:19Z
f893547c29a7d6821bc839a55d9e0733a9ad19968213cbab72b49178320e95a1,aws_invoice_pdf,2344693461,5fa8e04151690a7696735c6d1ac0185b393eaccdfd31526f400076cee6bddfd9,AWS Invoice 2344693461,2025-10-02T10:19:48.658000+00:00,2025-09-01,2025-10-01,monthly_invoice,3,Amazon Elastic Compute Cloud,Amazon Elastic Compute Cloud,0,Final invoice,2025-09,2.78,USD,false,2026-08-28T18:03:19Z
23e7a710790199b37783e9e2072a2fbb33c4bacf88c50bebf128022dd14f223d,aws_invoice_pdf,2344693461,5fa8e04151690a7696735c6d1ac0185b393eaccdfd31526f400076cee6bddfd9,AWS Invoice 2344693461,2025-10-02T10:19:48.658000+00:00,2025-09-01,2025-10-01,monthly_invoice,4,Amazon EC2 Container Registry (ECR),Amazon EC2 Container Registry (ECR),0,Final invoice,2025-09,0.1,USD,false,2026-08-28T18:03:19Z
06b296863d10e2e371e99e4bc3b876d82770df192964e22fbaaef4fbc39e304d,aws_invoice_pdf,2344693461,5fa8e04151690a7696735c6d1ac0185b393eaccdfd31526f400076cee6bddfd9,AWS Invoice 2344693461,2025-10-02T10:19:48.658000+00:00,2025-09-01,2025-10-01,monthly_invoice,5,Amazon Virtual Private Cloud,Amazon Virtual Private Cloud,0,Final invoice,2025-09,2.63,USD,false,2026-08-28T18:03:19Z
d94a948a90eb7efa71bb3085337d0665886f00f55bc3c8e3341d3ad7e74586fd,aws_invoice_pdf,2344693461,5fa8e04151690a7696735c6d1ac0185b393eaccdfd31526f400076cee6bddfd9,AWS Invoice 2344693461,2025-10-02T10:19:48.658000+00:00,2025-09-01,2025-10-01,monthly_invoice,6,Amazon Route 53,Amazon Route 53,0,Final invoice,2025-09,0.51,USD,false,2026-08-28T18:03:19Z
12da0174e3558aeea86977d3ff15b8bde2177d0cbd22b94da3eb591c132255cc,aws_invoice_pdf,2370303773,520a8fcdc6778ddafd6262d6f6b83ad38d575c2e9a4b06f0a3526130b09a2897,AWS Invoice 2370303773,2025-11-01T22:49:41.991000+00:00,2025-10-01,2025-11-01,monthly_invoice,0,Total costs,Total costs,0,Final invoice,2025-10,44.19,USD,false,2026-08-28T18:03:19Z
59c0f5e0019c5d89f2894cf9888e4c0edab5eb1eda6681a815893b56883a2795,aws_invoice_pdf,2370303773,520a8fcdc6778ddafd6262d6f6b83ad38d575c2e9a4b06f0a3526130b09a2897,AWS Invoice 2370303773,2025-11-01T22:49:41.991000+00:00,2025-10-01,2025-11-01,monthly_invoice,1,Amazon Simple Storage Service,Amazon Simple Storage Service,0,Final invoice,2025-10,0.01,USD,false,2026-08-28T18:03:19Z
04ed832a297ce04cd30d1953cbcc79644214b5c79e331aa70f3151740fa50bcb,aws_invoice_pdf,2370303773,520a8fcdc6778ddafd6262d6f6b83ad38d575c2e9a4b06f0a3526130b09a2897,AWS Invoice 2370303773,2025-11-01T22:49:41.991000+00:00,2025-10-01,2025-11-01,monthly_invoice,2,AWS Data Transfer,AWS Data Transfer,0,Final invoice,2025-10,0.01,USD,false,2026-08-28T18:03:19Z
db3709200f694159206268093b2ed18ce153796871de2b40ef34901be1b71088,aws_invoice_pdf,2370303773,520a8fcdc6778ddafd6262d6f6b83ad38d575c2e9a4b06f0a3526130b09a2897,AWS Invoice 2370303773,2025-11-01T22:49:41.991000+00:00,2025-10-01,2025-11-01,monthly_invoice,3,Amazon Relational Database Service,Amazon Relational Database Service,0,Final invoice,2025-10,15.74,USD,false,2026-08-28T18:03:19Z
6aaeb1582046e98353f31518da46e7b1fe938b5ae0cb98eb6c7173c38f7a243a,aws_invoice_pdf,2370303773,520a8fcdc6778ddafd6262d6f6b83ad38d575c2e9a4b06f0a3526130b09a2897,AWS Invoice 2370303773,2025-11-01T22:49:41.991000+00:00,2025-10-01,2025-11-01,monthly_invoice,4,Amazon Elastic Compute Cloud,Amazon Elastic Compute Cloud,0,Final invoice,2025-10,11.03,USD,false,2026-08-28T18:03:19Z
771a16fc4a6d35af7732f2b69e9b2f8bf20953d535dbb47f1ab31f95ef174c97,aws_invoice_pdf,2370303773,520a8fcdc6778ddafd6262d6f6b83ad38d575c2e9a4b06f0a3526130b09a2897,AWS Invoice 2370303773,2025-11-01T22:49:41.991000+00:00,2025-10-01,2025-11-01,monthly_invoice,5,Amazon EC2 Container Registry (ECR),Amazon EC2 Container Registry (ECR),0,Final invoice,2025-10,5.73,USD,false,2026-08-28T18:03:19Z
744e7a7bbb179903408befbc176b28f29f9e8f62cf426501a8bed9412e8c0569,aws_invoice_pdf,2370303773,520a8fcdc6778ddafd6262d6f6b83ad38d575c2e9a4b06f0a3526130b09a2897,AWS Invoice 2370303773,2025-11-01T22:49:41.991000+00:00,2025-10-01,2025-11-01,monthly_invoice,6,Amazon Virtual Private Cloud,Amazon Virtual Private Cloud,0,Final invoice,2025-10,11.16,USD,false,2026-08-28T18:03:19Z
476593b90206423f76a73d089a2c30bd33a0e410492c48d673ee937a6484a047,aws_invoice_pdf,2370303773,520a8fcdc6778ddafd6262d6f6b83ad38d575c2e9a4b06f0a3526130b09a2897,AWS Invoice 2370303773,2025-11-01T22:49:41.991000+00:00,2025-10-01,2025-11-01,monthly_invoice,7,Amazon Route 53,Amazon Route 53,0,Final invoice,2025-10,0.51,USD,false,2026-08-28T18:03:19Z
690ad5bdf0b9afcc0d76dce3f0e337c5b8f7691c66c99653858f0f27395b8b58,aws_invoice_pdf,2416955941,07a47713542933352eb1b9bb4ead61d09f3e2f9eee1f8a7d7d8d907e464490a0,AWS Invoice 2416955941,2025-12-02T03:10:43.094000+00:00,2025-11-01,2025-12-01,monthly_invoice,0,Total costs,Total costs,0,Final invoice,2025-11,48.75,USD,false,2026-08-28T18:03:19Z
6865c690fd11fa4a7e34176d05a1ad071fe80dfd6e22bf67404c82b82ac00776,aws_invoice_pdf,2416955941,07a47713542933352eb1b9bb4ead61d09f3e2f9eee1f8a7d7d8d907e464490a0,AWS Invoice 2416955941,2025-12-02T03:10:43.094000+00:00,2025-11-01,2025-12-01,monthly_invoice,1,Amazon Virtual Private Cloud,Amazon Virtual Private Cloud,0,Final invoice,2025-11,10.8,USD,false,2026-08-28T18:03:19Z
2db174d81fc33970b9a2f1cefc8d35077517d74e656753092388434ca96f8642,aws_invoice_pdf,2416955941,07a47713542933352eb1b9bb4ead61d09f3e2f9eee1f8a7d7d8d907e464490a0,AWS Invoice 2416955941,2025-12-02T03:10:43.094000+00:00,2025-11-01,2025-12-01,monthly_invoice,2,Amazon Simple Storage Service,Amazon Simple Storage Service,0,Final invoice,2025-11,0.01,USD,false,2026-08-28T18:03:19Z
5cded5a7f60512278bfef29c131b5d79dae09ba634fe350b38b8ffd0e540156a,aws_invoice_pdf,2416955941,07a47713542933352eb1b9bb4ead61d09f3e2f9eee1f8a7d7d8d907e464490a0,AWS Invoice 2416955941,2025-12-02T03:10:43.094000+00:00,2025-11-01,2025-12-01,monthly_invoice,3,Amazon Route 53,Amazon Route 53,0,Final invoice,2025-11,0.51,USD,false,2026-08-28T18:03:19Z
f7b5fa3e5513e0162f50848d68628750d13e6b85b59202b4a327189e1560e9a0,aws_invoice_pdf,2416955941,07a47713542933352eb1b9bb4ead61d09f3e2f9eee1f8a7d7d8d907e464490a0,AWS Invoice 2416955941,2025-12-02T03:10:43.094000+00:00,2025-11-01,2025-12-01,monthly_invoice,4,Amazon EC2 Container Registry (ECR),Amazon EC2 Container Registry (ECR),0,Final invoice,2025-11,12.63,USD,false,2026-08-28T18:03:19Z
0160c55280bd6f5f3d7c45e6c281dc2d5e98648488ee07412252bd77f2d2946d,aws_invoice_pdf,2416955941,07a47713542933352eb1b9bb4ead61d09f3e2f9eee1f8a7d7d8d907e464490a0,AWS Invoice 2416955941,2025-12-02T03:10:43.094000+00:00,2025-11-01,2025-12-01,monthly_invoice,5,Amazon Elastic Compute Cloud,Amazon Elastic Compute Cloud,0,Final invoice,2025-11,10.75,USD,false,2026-08-28T18:03:19Z
17e2646e66041c9f4c312796dcad4e9ae6702e6a2110155bbf656d0c10c0c8c5,aws_invoice_pdf,2416955941,07a47713542933352eb1b9bb4ead61d09f3e2f9eee1f8a7d7d8d907e464490a0,AWS Invoice 2416955941,2025-12-02T03:10:43.094000+00:00,2025-11-01,2025-12-01,monthly_invoice,6,Amazon Relational Database Service,Amazon Relational Database Service,0,Final invoice,2025-11,14.05,USD,false,2026-08-28T18:03:19Z
f6c062df6dba3ae75c465403653e8352aeb30632d854d0605bdeddf063c35db4,aws_invoice_pdf,2450518077,8d8691615bdf40be7152617c4ba058c8d0318fa8547d95199c71e2db206bb922,AWS Invoice 2450518077,2026-01-01T20:32:43.964000+00:00,2025-12-01,2026-01-01,monthly_invoice,0,Total costs,Total costs,0,Final invoice,2025-12,51.69,USD,false,2026-08-28T18:03:19Z
4ddd3b23e501bfa273182caba629b68c5394b73150017e62188e653cc15567b7,aws_invoice_pdf,2450518077,8d8691615bdf40be7152617c4ba058c8d0318fa8547d95199c71e2db206bb922,AWS Invoice 2450518077,2026-01-01T20:32:43.964000+00:00,2025-12-01,2026-01-01,monthly_invoice,1,Amazon Relational Database Service,Amazon Relational Database Service,0,Final invoice,2025-12,14.29,USD,false,2026-08-28T18:03:19Z
5dc07d47b2662065a269b5705f9c860873ad24b6019805aa6c1d873c3ba5989f,aws_invoice_pdf,2450518077,8d8691615bdf40be7152617c4ba058c8d0318fa8547d95199c71e2db206bb922,AWS Invoice 2450518077,2026-01-01T20:32:43.964000+00:00,2025-12-01,2026-01-01,monthly_invoice,2,Amazon Route 53,Amazon Route 53,0,Final invoice,2025-12,0.51,USD,false,2026-08-28T18:03:19Z
29220c7664727db8145471ef3caf41dd41e296b3a119c3a640fef82473d97b4b,aws_invoice_pdf,2450518077,8d8691615bdf40be7152617c4ba058c8d0318fa8547d95199c71e2db206bb922,AWS Invoice 2450518077,2026-01-01T20:32:43.964000+00:00,2025-12-01,2026-01-01,monthly_invoice,3,Amazon Elastic Compute Cloud,Amazon Elastic Compute Cloud,0,Final invoice,2025-12,11.03,USD,false,2026-08-28T18:03:19Z
c1592890433a3978fcf388423fbd7019f661962e5c2189277316d32ad6aea458,aws_invoice_pdf,2450518077,8d8691615bdf40be7152617c4ba058c8d0318fa8547d95199c71e2db206bb922,AWS Invoice 2450518077,2026-01-01T20:32:43.964000+00:00,2025-12-01,2026-01-01,monthly_invoice,4,Amazon Simple Storage Service,Amazon Simple Storage Service,0,Final invoice,2025-12,0.01,USD,false,2026-08-28T18:03:19Z
44a0621a803712575774c8f50b31f83f8f95a079f044caa1ff830b0c9f74e1a3,aws_invoice_pdf,2450518077,8d8691615bdf40be7152617c4ba058c8d0318fa8547d95199c71e2db206bb922,AWS Invoice 2450518077,2026-01-01T20:32:43.964000+00:00,2025-12-01,2026-01-01,monthly_invoice,5,Amazon Virtual Private Cloud,Amazon Virtual Private Cloud,0,Final invoice,2025-12,11.16,USD,false,2026-08-28T18:03:19Z
9aa2c92908258c1c350c1c2140323d778655de3bbcc362ee4021b026f86ed55b,aws_invoice_pdf,2450518077,8d8691615bdf40be7152617c4ba058c8d0318fa8547d95199c71e2db206bb922,AWS Invoice 2450518077,2026-01-01T20:32:43.964000+00:00,2025-12-01,2026-01-01,monthly_invoice,6,Amazon EC2 Container Registry (ECR),Amazon EC2 Container Registry (ECR),0,Final invoice,2025-12,14.69,USD,false,2026-08-28T18:03:19Z
cf9b05fbe2e54f7b48717307a6120f3240c25da99b926673497a5b7c4e92d466,aws_invoice_pdf,2495767973,1bc9e37407bea82a4af19330f0a33b9386451befa0e8db2306de348533d44932,AWS Invoice 2495767973,2026-02-01T23:29:27.928000+00:00,2026-01-01,2026-02-01,monthly_invoice,0,Total costs,Total costs,0,Final invoice,2026-01,53.55,USD,false,2026-08-28T18:03:19Z
9677384707415ddfa3f3c7d8edde2eb3def3cd32c8a0dd6435532d1054c0da27,aws_invoice_pdf,2495767973,1bc9e37407bea82a4af19330f0a33b9386451befa0e8db2306de348533d44932,AWS Invoice 2495767973,2026-02-01T23:29:27.928000+00:00,2026-01-01,2026-02-01,monthly_invoice,1,Amazon Simple Storage Service,Amazon Simple Storage Service,0,Final invoice,2026-01,0.01,USD,false,2026-08-28T18:03:19Z
cbb3dc31f71f23155599b2b1df2bdb474636b8ad35557602b86588f039da82b8,aws_invoice_pdf,2495767973,1bc9e37407bea82a4af19330f0a33b9386451befa0e8db2306de348533d44932,AWS Invoice 2495767973,2026-02-01T23:29:27.928000+00:00,2026-01-01,2026-02-01,monthly_invoice,2,Amazon Elastic Compute Cloud,Amazon Elastic Compute Cloud,0,Final invoice,2026-01,11.03,USD,false,2026-08-28T18:03:19Z
e2b32f8525a41cecd7d9d4e1fb0041a450446883c885e708bdc119272492cff6,aws_invoice_pdf,2495767973,1bc9e37407bea82a4af19330f0a33b9386451befa0e8db2306de348533d44932,AWS Invoice 2495767973,2026-02-01T23:29:27.928000+00:00,2026-01-01,2026-02-01,monthly_invoice,3,Amazon EC2 Container Registry (ECR),Amazon EC2 Container Registry (ECR),0,Final invoice,2026-01,16.46,USD,false,2026-08-28T18:03:19Z
a5817a29670d753b6848d179a4799a582530fe717285e398bee3c9f660758563,aws_invoice_pdf,2495767973,1bc9e37407bea82a4af19330f0a33b9386451befa0e8db2306de348533d44932,AWS Invoice 2495767973,2026-02-01T23:29:27.928000+00:00,2026-01-01,2026-02-01,monthly_invoice,4,Amazon Route 53,Amazon Route 53,0,Final invoice,2026-01,0.51,USD,false,2026-08-28T18:03:19Z
e9493e29bfe168a5f2577ef738c67922c2bbcb818065177eea60d81254e33bf7,aws_invoice_pdf,2495767973,1bc9e37407bea82a4af19330f0a33b9386451befa0e8db2306de348533d44932,AWS Invoice 2495767973,2026-02-01T23:29:27.928000+00:00,2026-01-01,2026-02-01,monthly_invoice,5,Amazon Virtual Private Cloud,Amazon Virtual Private Cloud,0,Final invoice,2026-01,11.16,USD,false,2026-08-28T18:03:19Z
0777c7553b952bf736e779bb98a529cd63e32cd8d2e6d6c00802ff13d778c274,aws_invoice_pdf,2495767973,1bc9e37407bea82a4af19330f0a33b9386451befa0e8db2306de348533d44932,AWS Invoice 2495767973,2026-02-01T23:29:27.928000+00:00,2026-01-01,2026-02-01,monthly_invoice,6,Amazon Relational Database Service,Amazon Relational Database Service,0,Final invoice,2026-01,14.38,USD,false,2026-08-28T18:03:19Z
c65bea39526506a86b6312822363de6363671184ea0be7c39415bad3930956a9,aws_invoice_pdf,2538213449,111612f79a5a992afdcb0e29d7833120231bf3a61026768ef694b04e28d67e86,AWS Invoice 2538213449,2026-03-01T23:27:33.994000+00:00,2026-02-01,2026-03-01,monthly_invoice,0,Total costs,Total costs,0,Final invoice,2026-02,55.16,USD,false,2026-08-28T18:03:19Z
ea590458ae37e8e9c157156df38ad44ea96c520ceb45fc6dcc492dc061c486aa,aws_invoice_pdf,2538213449,111612f79a5a992afdcb0e29d7833120231bf3a61026768ef694b04e28d67e86,AWS Invoice 2538213449,2026-03-01T23:27:33.994000+00:00,2026-02-01,2026-03-01,monthly_invoice,1,Amazon Virtual Private Cloud,Amazon Virtual Private Cloud,0,Final invoice,2026-02,10.08,USD,false,2026-08-28T18:03:19Z
b092eb660d29ed9aee5dabacdcdf33ceeed85b0d7bf1d8909f1fabf2741195e7,aws_invoice_pdf,2538213449,111612f79a5a992afdcb0e29d7833120231bf3a61026768ef694b04e28d67e86,AWS Invoice 2538213449,2026-03-01T23:27:33.994000+00:00,2026-02-01,2026-03-01,monthly_invoice,2,AWS Data Transfer,AWS Data Transfer,0,Final invoice,2026-02,0.01,USD,false,2026-08-28T18:03:19Z
e6902fbeac56045ee04288c2d22fd41573ff95fc611260819bccc47279e67aee,aws_invoice_pdf,2538213449,111612f79a5a992afdcb0e29d7833120231bf3a61026768ef694b04e28d67e86,AWS Invoice 2538213449,2026-03-01T23:27:33.994000+00:00,2026-02-01,2026-03-01,monthly_invoice,3,Amazon Route 53,Amazon Route 53,0,Final invoice,2026-02,0.51,USD,false,2026-08-28T18:03:19Z
ad7a066df87b31e39262fe5837b04e8507c6121e29385356b713fb6668472a98,aws_invoice_pdf,2538213449,111612f79a5a992afdcb0e29d7833120231bf3a61026768ef694b04e28d67e86,AWS Invoice 2538213449,2026-03-01T23:27:33.994000+00:00,2026-02-01,2026-03-01,monthly_invoice,4,Amazon Elastic Compute Cloud,Amazon Elastic Compute Cloud,0,Final invoice,2026-02,10.18,USD,false,2026-08-28T18:03:19Z
62722d088b7db426ddfad68891f3db5014a5118210f4edaccb9a69ff008d794e,aws_invoice_pdf,2538213449,111612f79a5a992afdcb0e29d7833120231bf3a61026768ef694b04e28d67e86,AWS Invoice 2538213449,2026-03-01T23:27:33.994000+00:00,2026-02-01,2026-03-01,monthly_invoice,5,Amazon EC2 Container Registry (ECR),Amazon EC2 Container Registry (ECR),0,Final invoice,2026-02,21.07,USD,false,2026-08-28T18:03:19Z
bbba557cff8259ba67321e3a443ab4c35d35a4476d401998c63c0712525e9b6f,aws_invoice_pdf,2538213449,111612f79a5a992afdcb0e29d7833120231bf3a61026768ef694b04e28d67e86,AWS Invoice 2538213449,2026-03-01T23:27:33.994000+00:00,2026-02-01,2026-03-01,monthly_invoice,6,Amazon Simple Storage Service,Amazon Simple Storage Service,0,Final invoice,2026-02,0.01,USD,false,2026-08-28T18:03:19Z
688a1b58c10300727f8bdf2febf41c45ac8b45777f8c93d204b509de9f45ce37,aws_invoice_pdf,2538213449,111612f79a5a992afdcb0e29d7833120231bf3a61026768ef694b04e28d67e86,AWS Invoice 2538213449,2026-03-01T23:27:33.994000+00:00,2026-02-01,2026-03-01,monthly_invoice,7,Amazon Relational Database Service,Amazon Relational Database Service,0,Final invoice,2026-02,13.3,USD,false,2026-08-28T18:03:19Z
37ac5976a10b7efe26160a651baf7fa57b1e7a6cd972dc57b5cf37ac2c132b3d,aws_invoice_pdf,2580066857,e2acaa96b1b7c154a90f0ee47193126925db95532bd7b76ba8880cc846cbe199,AWS Invoice 2580066857,2026-04-02T00:21:36.161000+00:00,2026-03-01,2026-04-01,monthly_invoice,0,Total costs,Total costs,0,Final invoice,2026-03,75.26,USD,false,2026-08-28T18:03:19Z
8cc0b0b5af246fe6991e4553a4bb5d39552c60f05b24d540cf041b77e46e0199,aws_invoice_pdf,2580066857,e2acaa96b1b7c154a90f0ee47193126925db95532bd7b76ba8880cc846cbe199,AWS Invoice 2580066857,2026-04-02T00:21:36.161000+00:00,2026-03-01,2026-04-01,monthly_invoice,1,Amazon EC2 Container Registry (ECR),Amazon EC2 Container Registry (ECR),0,Final invoice,2026-03,37.66,USD,false,2026-08-28T18:03:19Z
c1ee39364da842e02da4c57c7f496498629712b8607a0db86c19c9e231493abf,aws_invoice_pdf,2580066857,e2acaa96b1b7c154a90f0ee47193126925db95532bd7b76ba8880cc846cbe199,AWS Invoice 2580066857,2026-04-02T00:21:36.161000+00:00,2026-03-01,2026-04-01,monthly_invoice,2,Amazon Elastic Compute Cloud,Amazon Elastic Compute Cloud,0,Final invoice,2026-03,11.03,USD,false,2026-08-28T18:03:19Z
2068b617ad2b80065b64132ddc2a68c092fb0a9268738f437c930b75eb747e88,aws_invoice_pdf,2580066857,e2acaa96b1b7c154a90f0ee47193126925db95532bd7b76ba8880cc846cbe199,AWS Invoice 2580066857,2026-04-02T00:21:36.161000+00:00,2026-03-01,2026-04-01,monthly_invoice,3,Amazon Virtual Private Cloud,Amazon Virtual Private Cloud,0,Final invoice,2026-03,11.16,USD,false,2026-08-28T18:03:19Z
709f1e95649728244e4b0b5b393c4e789d2fbd4b0194160aa616bfa3b98d0737,aws_invoice_pdf,2580066857,e2acaa96b1b7c154a90f0ee47193126925db95532bd7b76ba8880cc846cbe199,AWS Invoice 2580066857,2026-04-02T00:21:36.161000+00:00,2026-03-01,2026-04-01,monthly_invoice,4,Amazon Simple Storage Service,Amazon Simple Storage Service,0,Final invoice,2026-03,0.43,USD,false,2026-08-28T18:03:19Z
ad23dcba3085fc9e4aa04c4b9f851f7f083dc13a110672818f6314651ce1482d,aws_invoice_pdf,2580066857,e2acaa96b1b7c154a90f0ee47193126925db95532bd7b76ba8880cc846cbe199,AWS Invoice 2580066857,2026-04-02T00:21:36.161000+00:00,2026-03-01,2026-04-01,monthly_invoice,5,Amazon Route 53,Amazon Route 53,0,Final invoice,2026-03,0.51,USD,false,2026-08-28T18:03:19Z
75955094dc2c6dd50284280b63cdcd04ee60d4da0782eaec5bbfb552a6a1df3a,aws_invoice_pdf,2580066857,e2acaa96b1b7c154a90f0ee47193126925db95532bd7b76ba8880cc846cbe199,AWS Invoice 2580066857,2026-04-02T00:21:36.161000+00:00,2026-03-01,2026-04-01,monthly_invoice,6,Amazon Relational Database Service,Amazon Relational Database Service,0,Final invoice,2026-03,14.47,USD,false,2026-08-28T18:03:19Z
8deab7d4f87f1919ff3d6424f830f4bb6b24091ea2f4af55eab2e3fb23dd72b4,aws_invoice_pdf,2623624461,b67642a0e4791facc9816990fdb137ac2b7c51686283ef0ae0a8c7d153ec3f66,AWS Invoice 2623624461,2026-05-02T01:01:38.259000+00:00,2026-04-01,2026-05-01,monthly_invoice,0,Total costs,Total costs,0,Final invoice,2026-04,83.47,USD,false,2026-08-28T18:03:19Z
fa51e01b603b57e48dc438b26dc417f4cb875b28d56d65999bff05b92790a6cc,aws_invoice_pdf,2623624461,b67642a0e4791facc9816990fdb137ac2b7c51686283ef0ae0a8c7d153ec3f66,AWS Invoice 2623624461,2026-05-02T01:01:38.259000+00:00,2026-04-01,2026-05-01,monthly_invoice,1,Amazon Elastic Compute Cloud,Amazon Elastic Compute Cloud,0,Final invoice,2026-04,10.75,USD,false,2026-08-28T18:03:19Z
0cd054cd12a78b070a5582e83580aa2ca3d2e161afae78cdc3bb1f70c85b516e,aws_invoice_pdf,2623624461,b67642a0e4791facc9816990fdb137ac2b7c51686283ef0ae0a8c7d153ec3f66,AWS Invoice 2623624461,2026-05-02T01:01:38.259000+00:00,2026-04-01,2026-05-01,monthly_invoice,2,Amazon Simple Storage Service,Amazon Simple Storage Service,0,Final invoice,2026-04,0.48,USD,false,2026-08-28T18:03:19Z
bb8c82bba37e83681ac58b392682b491a95f65c4c621dae2fd1cf76f6cd68924,aws_invoice_pdf,2623624461,b67642a0e4791facc9816990fdb137ac2b7c51686283ef0ae0a8c7d153ec3f66,AWS Invoice 2623624461,2026-05-02T01:01:38.259000+00:00,2026-04-01,2026-05-01,monthly_invoice,3,Amazon Route 53,Amazon Route 53,0,Final invoice,2026-04,0.52,USD,false,2026-08-28T18:03:19Z
cfd2e4dd872d771fd34068a8d4999e869a0a959716b0afc4f436b6bbcc24aa6f,aws_invoice_pdf,2623624461,b67642a0e4791facc9816990fdb137ac2b7c51686283ef0ae0a8c7d153ec3f66,AWS Invoice 2623624461,2026-05-02T01:01:38.259000+00:00,2026-04-01,2026-05-01,monthly_invoice,4,Amazon EC2 Container Registry (ECR),Amazon EC2 Container Registry (ECR),0,Final invoice,2026-04,46.82,USD,false,2026-08-28T18:03:19Z
2a5b286239f6d9c431c5f58d0fe1b4190ce64bbf8c3a4c6d4dae0d8f5856dbc1,aws_invoice_pdf,2623624461,b67642a0e4791facc9816990fdb137ac2b7c51686283ef0ae0a8c7d153ec3f66,AWS Invoice 2623624461,2026-05-02T01:01:38.259000+00:00,2026-04-01,2026-05-01,monthly_invoice,5,AWS Data Transfer,AWS Data Transfer,0,Final invoice,2026-04,0.01,USD,false,2026-08-28T18:03:19Z
381e00b75f8a53e2f307d0e6923827e8409bc54ba8d55102e3fd032a4d9925fd,aws_invoice_pdf,2623624461,b67642a0e4791facc9816990fdb137ac2b7c51686283ef0ae0a8c7d153ec3f66,AWS Invoice 2623624461,2026-05-02T01:01:38.259000+00:00,2026-04-01,2026-05-01,monthly_invoice,6,Amazon Relational Database Service,Amazon Relational Database Service,0,Final invoice,2026-04,14.09,USD,false,2026-08-28T18:03:19Z
992c11afcb04c1b9149b1ae8a68867a8133acc48a73c49803a98a4e5c91124cd,aws_invoice_pdf,2623624461,b67642a0e4791facc9816990fdb137ac2b7c51686283ef0ae0a8c7d153ec3f66,AWS Invoice 2623624461,2026-05-02T01:01:38.259000+00:00,2026-04-01,2026-05-01,monthly_invoice,7,Amazon Virtual Private Cloud,Amazon Virtual Private Cloud,0,Final invoice,2026-04,10.8,USD,false,2026-08-28T18:03:19Z
61bbd442808c6b695746b09d72d4becf782fa802ff62f22639c268586b4121ce,aws_invoice_pdf,2657315737,b9153428d318fa44c7af3d4b1c23a71996b303a8da9592d6a394aae11d09e7de,AWS Invoice 2657315737,2026-06-01T22:24:57.156000+00:00,2026-05-01,2026-06-01,monthly_invoice,0,Total costs,Total costs,0,Final invoice,2026-05,85.85,USD,false,2026-08-28T18:03:19Z
c0d1be6f19499f9446c832a691eaba1cfa861920ca11f53f575dcdc265dab206,aws_invoice_pdf,2657315737,b9153428d318fa44c7af3d4b1c23a71996b303a8da9592d6a394aae11d09e7de,AWS Invoice 2657315737,2026-06-01T22:24:57.156000+00:00,2026-05-01,2026-06-01,monthly_invoice,1,Amazon Route 53,Amazon Route 53,0,Final invoice,2026-05,0.55,USD,false,2026-08-28T18:03:19Z
535b17621536a3c48d3b59fb7ff7617b6ba7b6d693cee91c0c131961988f90bc,aws_invoice_pdf,2657315737,b9153428d318fa44c7af3d4b1c23a71996b303a8da9592d6a394aae11d09e7de,AWS Invoice 2657315737,2026-06-01T22:24:57.156000+00:00,2026-05-01,2026-06-01,monthly_invoice,2,Amazon Relational Database Service,Amazon Relational Database Service,0,Final invoice,2026-05,14.44,USD,false,2026-08-28T18:03:19Z
53f1e5363feb36e701bac326389077e6d84888ec092f2440282a3dbe3d903501,aws_invoice_pdf,2657315737,b9153428d318fa44c7af3d4b1c23a71996b303a8da9592d6a394aae11d09e7de,AWS Invoice 2657315737,2026-06-01T22:24:57.156000+00:00,2026-05-01,2026-06-01,monthly_invoice,3,Amazon Simple Storage Service,Amazon Simple Storage Service,0,Final invoice,2026-05,0.13,USD,false,2026-08-28T18:03:19Z
5d361e62133cae64b855236515e9e3a08dd9adb4344cc78e711adc1188b99188,aws_invoice_pdf,2657315737,b9153428d318fa44c7af3d4b1c23a71996b303a8da9592d6a394aae11d09e7de,AWS Invoice 2657315737,2026-06-01T22:24:57.156000+00:00,2026-05-01,2026-06-01,monthly_invoice,4,Amazon Elastic Compute Cloud,Amazon Elastic Compute Cloud,0,Final invoice,2026-05,11.03,USD,false,2026-08-28T18:03:19Z
913b527f560e24bdf8065cd2aad42ddb65f9e2f73c4ad7a48f01654a2d638bf8,aws_invoice_pdf,2657315737,b9153428d318fa44c7af3d4b1c23a71996b303a8da9592d6a394aae11d09e7de,AWS Invoice 2657315737,2026-06-01T22:24:57.156000+00:00,2026-05-01,2026-06-01,monthly_invoice,5,Amazon EC2 Container Registry (ECR),Amazon EC2 Container Registry (ECR),0,Final invoice,2026-05,48.54,USD,false,2026-08-28T18:03:19Z
344bc932bcfbae11e04a4869caed53abde631249880f1cb2fe0ca0388c894a6a,aws_invoice_pdf,2657315737,b9153428d318fa44c7af3d4b1c23a71996b303a8da9592d6a394aae11d09e7de,AWS Invoice 2657315737,2026-06-01T22:24:57.156000+00:00,2026-05-01,2026-06-01,monthly_invoice,6,Amazon Virtual Private Cloud,Amazon Virtual Private Cloud,0,Final invoice,2026-05,11.16,USD,false,2026-08-28T18:03:19Z
b4f5a78a6c51aedcaef378424be833ac8988f50507e9fa9a87d51884333417d5,aws_invoice_pdf,2707343965,26f7bb53c1a047405d972e6b0c8caf22737814d943aa361ad5fbf8dacf6c06fb,AWS Invoice 2707343965,2026-07-01T23:35:46.736000+00:00,2026-06-01,2026-07-01,monthly_invoice,0,Total costs,Total costs,0,Final invoice,2026-06,85.07,USD,false,2026-08-28T18:03:19Z
b3a8ca9e72bbbf844b9cd16d45268c3c48945af03695469bbcabebeb45170eaf,aws_invoice_pdf,2707343965,26f7bb53c1a047405d972e6b0c8caf22737814d943aa361ad5fbf8dacf6c06fb,AWS Invoice 2707343965,2026-07-01T23:35:46.736000+00:00,2026-06-01,2026-07-01,monthly_invoice,1,Amazon Simple Storage Service,Amazon Simple Storage Service,0,Final invoice,2026-06,0.17,USD,false,2026-08-28T18:03:19Z
51edc06a5f8e03f58bfd6afc95134e03546c4a8f738d06671be03f04ae5b4f69,aws_invoice_pdf,2707343965,26f7bb53c1a047405d972e6b0c8caf22737814d943aa361ad5fbf8dacf6c06fb,AWS Invoice 2707343965,2026-07-01T23:35:46.736000+00:00,2026-06-01,2026-07-01,monthly_invoice,2,Amazon Route 53,Amazon Route 53,0,Final invoice,2026-06,0.53,USD,false,2026-08-28T18:03:19Z
06121da16405a403d45c9d07bd37ad0c874c31a6d010fc9ea84f28f7cac62826,aws_invoice_pdf,2707343965,26f7bb53c1a047405d972e6b0c8caf22737814d943aa361ad5fbf8dacf6c06fb,AWS Invoice 2707343965,2026-07-01T23:35:46.736000+00:00,2026-06-01,2026-07-01,monthly_invoice,3,Amazon EC2 Container Registry (ECR),Amazon EC2 Container Registry (ECR),0,Final invoice,2026-06,48.83,USD,false,2026-08-28T18:03:19Z
81e090b61a6560de93c4096db908d3f98fbbde72ff7e43e4daae6a8c310c14a2,aws_invoice_pdf,2707343965,26f7bb53c1a047405d972e6b0c8caf22737814d943aa361ad5fbf8dacf6c06fb,AWS Invoice 2707343965,2026-07-01T23:35:46.736000+00:00,2026-06-01,2026-07-01,monthly_invoice,4,Amazon Virtual Private Cloud,Amazon Virtual Private Cloud,0,Final invoice,2026-06,10.8,USD,false,2026-08-28T18:03:19Z
553df162e727b804e88a574897f3ff6df370d8467a07b014dbeab5e74003e049,aws_invoice_pdf,2707343965,26f7bb53c1a047405d972e6b0c8caf22737814d943aa361ad5fbf8dacf6c06fb,AWS Invoice 2707343965,2026-07-01T23:35:46.736000+00:00,2026-06-01,2026-07-01,monthly_invoice,5,Amazon Relational Database Service,Amazon Relational Database Service,0,Final invoice,2026-06,14,USD,false,2026-08-28T18:03:19Z
145b304bad1f677e78b07e9d8d6face09a380d99d77520199f6ffede6c0b8acd,aws_invoice_pdf,2707343965,26f7bb53c1a047405d972e6b0c8caf22737814d943aa361ad5fbf8dacf6c06fb,AWS Invoice 2707343965,2026-07-01T23:35:46.736000+00:00,2026-06-01,2026-07-01,monthly_invoice,6,Amazon Elastic Compute Cloud,Amazon Elastic Compute Cloud,0,Final invoice,2026-06,10.74,USD,false,2026-08-28T18:03:19Z
6f0ed1e348db54b8faa3c17ac9f1956e14696366d9db8843017cfa20410b6034,aws_invoice_pdf,2744301213,4a48ba7fc9e47b21158b96151e3c1b7c60a6432147a35108e5300d736f86ad1c,AWS Invoice 2744301213,2026-08-01T20:36:50.446000+00:00,2026-07-01,2026-08-01,monthly_invoice,0,Total costs,Total costs,0,Final invoice,2026-07,88.62,USD,false,2026-08-28T18:03:19Z
8c5a361c63976d21dfd8c45be1937a5ab6d2cefc2689be9b6c81c3700abd0bfb,aws_invoice_pdf,2744301213,4a48ba7fc9e47b21158b96151e3c1b7c60a6432147a35108e5300d736f86ad1c,AWS Invoice 2744301213,2026-08-01T20:36:50.446000+00:00,2026-07-01,2026-08-01,monthly_invoice,1,Amazon Route 53,Amazon Route 53,0,Final invoice,2026-07,0.54,USD,false,2026-08-28T18:03:19Z
d0a04549669269aed2d2a364db4dcc8c39b9832009f7a2bc88b84247d8d006fc,aws_invoice_pdf,2744301213,4a48ba7fc9e47b21158b96151e3c1b7c60a6432147a35108e5300d736f86ad1c,AWS Invoice 2744301213,2026-08-01T20:36:50.446000+00:00,2026-07-01,2026-08-01,monthly_invoice,2,Amazon Simple Storage Service,Amazon Simple Storage Service,0,Final invoice,2026-07,0.31,USD,false,2026-08-28T18:03:19Z
4cf6df2a146d062a131729e125e97e15ae2bf105f69dfa0519c98c6edf1e583d,aws_invoice_pdf,2744301213,4a48ba7fc9e47b21158b96151e3c1b7c60a6432147a35108e5300d736f86ad1c,AWS Invoice 2744301213,2026-08-01T20:36:50.446000+00:00,2026-07-01,2026-08-01,monthly_invoice,3,Amazon EC2 Container Registry (ECR),Amazon EC2 Container Registry (ECR),0,Final invoice,2026-07,51.02,USD,false,2026-08-28T18:03:19Z
6b99817cc4f6f0fe4a5402e9b3ada500d91b4592371eb697c8eee21b14d71007,aws_invoice_pdf,2744301213,4a48ba7fc9e47b21158b96151e3c1b7c60a6432147a35108e5300d736f86ad1c,AWS Invoice 2744301213,2026-08-01T20:36:50.446000+00:00,2026-07-01,2026-08-01,monthly_invoice,4,Amazon Elastic Compute Cloud,Amazon Elastic Compute Cloud,0,Final invoice,2026-07,11.03,USD,false,2026-08-28T18:03:19Z
1c7d8eb75479e37ca06237fc917b1fbfce0f2667c38e090bbca316099435cde9,aws_invoice_pdf,2744301213,4a48ba7fc9e47b21158b96151e3c1b7c60a6432147a35108e5300d736f86ad1c,AWS Invoice 2744301213,2026-08-01T20:36:50.446000+00:00,2026-07-01,2026-08-01,monthly_invoice,5,Amazon Relational Database Service,Amazon Relational Database Service,0,Final invoice,2026-07,14.56,USD,false,2026-08-28T18:03:19Z
8d2abdb30aac4b231df347c697aa1f812cf43d5146dc13cf03ca1d1bfe76e22f,aws_invoice_pdf,2744301213,4a48ba7fc9e47b21158b96151e3c1b7c60a6432147a35108e5300d736f86ad1c,AWS Invoice 2744301213,2026-08-01T20:36:50.446000+00:00,2026-07-01,2026-08-01,monthly_invoice,6,Amazon Virtual Private Cloud,Amazon Virtual Private Cloud,0,Final invoice,2026-07,11.16,USD,false,2026-08-28T18:03:19Z
857e0fb6ea75b922ab4e66e43a75d84539adaefcb443edef7d7dcaecbb444c6e,aws_invoice_pdf,563212601,bc0b0366f47c9e0407ad6404a4dda13f10951ba0939be250915a42b420a5e857,AWS Invoice 563212601,2020-10-03T04:00:18.100000+00:00,2020-09-01,2020-10-01,monthly_invoice,0,Total costs,Total costs,0,Final invoice,2020-09,0,USD,false,2026-08-28T18:03:19Z
f6b5a335f110d8b8e95afb9a6e9a1276d33149ce45f5af9c6e76a76ad5572ceb,aws_invoice_pdf,589514825,c31de2753084060512d7c7709b28dacf8c38d080f5f998e52c9d3e8a8212b5d2,AWS Invoice 589514825,2020-11-03T13:01:36.063000+00:00,2020-10-01,2020-11-01,monthly_invoice,0,Total costs,Total costs,0,Final invoice,2020-10,0,USD,false,2026-08-28T18:03:19Z
61632b1b9bf407f540f57877eccfaadb3c3d8444398193517e4f97a3318cebb9,aws_invoice_pdf,615612345,8ab69d60dde1e3bd19dbd7c91ff21cbd5f2c4e8cdb5941cafd030a0b193ded8a,AWS Invoice 615612345,2020-12-03T07:01:24.264000+00:00,2020-11-01,2020-12-01,monthly_invoice,0,Total costs,Total costs,0,Final invoice,2020-11,0,USD,false,2026-08-28T18:03:19Z
ecc9a887582f457dc282dbb6dcfbed836db0bf659ebf3511da53ec1f750443d8,aws_invoice_pdf,655505461,8cf64f39ca3df37c931a08344dbfe26e4dd11411f6f3eaefa33ef94ad5e4065f,AWS Invoice 655505461,2021-01-03T11:37:02.552000+00:00,2020-12-01,2021-01-01,monthly_invoice,0,Total costs,Total costs,0,Final invoice,2020-12,0,USD,false,2026-08-28T18:03:19Z
906badb5dcb4f6949347dd64ef658639a9183d3d68f6e496a03e3d1e15cab466,aws_invoice_pdf,670717217,b8ea1589add3e5d1665b1e636ed6a77a6e4da94a0a293874afa68d5fb1b6626e,AWS Invoice 670717217,2021-02-03T13:15:48.763000+00:00,2021-01-01,2021-02-01,monthly_invoice,0,Total costs,Total costs,0,Final invoice,2021-01,0,USD,false,2026-08-28T18:03:19Z
a6379f57e1ac314e9ca365c54c922a132d54ff075f09d23cede255a04ecd8eed,aws_invoice_pdf,692620405,873299908ef30fcc2027fb33afe7bc36a636ca2a3a599e40ec064a3459e7d5f8,AWS Invoice 692620405,2021-03-03T05:48:23.207000+00:00,2021-02-01,2021-03-01,monthly_invoice,0,Total costs,Total costs,0,Final invoice,2021-02,0,USD,false,2026-08-28T18:03:19Z
4afc1d0e5a25a75d51fdb2b2736a206f826e85eb82dc772c27de9f6c44a7be94,aws_invoice_pdf,707570889,721cec82ee23666cfa853672fc9cd52ab752bbcc439f482de7d625949bf0d2c8,AWS Invoice 707570889,2021-04-02T22:24:02.921000+00:00,2021-03-01,2021-04-01,monthly_invoice,0,Total costs,Total costs,0,Final invoice,2021-03,0,USD,false,2026-08-28T18:03:19Z
4e6e835bb51b08d3342dddfd99bd37f5c046e6c64a77196ec19dbd90b930d0f0,aws_invoice_pdf,740378629,4bbadf556d42225de74cc8ee552fb738682b44941b95418c2778885cf8f9bd6b,AWS Invoice 740378629,2021-05-03T05:59:28.597000+00:00,2021-04-01,2021-05-01,monthly_invoice,0,Total costs,Total costs,0,Final invoice,2021-04,0,USD,false,2026-08-28T18:03:19Z
f7112ae2a9fecb8c034b94d83a62e077291c68f81ab54599261d5cc480b83854,aws_invoice_pdf,764595893,310c73b7ec64d756ac4815f03cfe0a00e9cbd99763926c1b11703844556162cf,AWS Invoice 764595893,2021-06-03T11:48:12.767000+00:00,2021-05-01,2021-06-01,monthly_invoice,0,Total costs,Total costs,0,Final invoice,2021-05,0,USD,false,2026-08-28T18:03:19Z
cdc1ee76915641ff14bd138f47319a080a9889192d34152b7d95ec7cc9080e1b,aws_invoice_pdf,786885409,37b8580ed43635877d78b4dd17858cb96e2a5a4e9cd0312d60ce0d2e7857b82b,AWS Invoice 786885409,2021-07-03T08:33:33.215000+00:00,2021-06-01,2021-07-01,monthly_invoice,0,Total costs,Total costs,0,Final invoice,2021-06,0,USD,false,2026-08-28T18:03:19Z
5693bd01021a20034e4c880c8b40db66055ec3d24d2135b4051cbb88dbe3a0f2,aws_invoice_pdf,808490445,d2dfdeaf40049c20c11742f143549cede63fb582cedd8e9f0b3db609d3c8d64d,AWS Invoice 808490445,2021-08-03T08:29:47.510000+00:00,2021-07-01,2021-08-01,monthly_invoice,0,Total costs,Total costs,0,Final invoice,2021-07,0,USD,false,2026-08-28T18:03:19Z
5ce71232465a9005becf58bbc6701eacd54f5d887af6701304304e052d4f4cf7,aws_invoice_pdf,827246233,1c31bd9d9bbbed7f91918c3832f3616313b58aaafc0d00d434c3fd2e27bb253e,AWS Invoice 827246233,2021-09-02T17:05:30.963000+00:00,2021-08-01,2021-09-01,monthly_invoice,0,Total costs,Total costs,0,Final invoice,2021-08,0,USD,false,2026-08-28T18:03:19Z
453ac93e0dc4b829eaab8aca367734b9aed32cf397cb60aae5dd41ff3ad81d0e,aws_invoice_pdf,858829333,35861e88d3e4b10039864bf21f11dfa8a78a221014b220c12c72932df2ef96a6,AWS Invoice 858829333,2021-10-02T21:57:44.921000+00:00,2021-09-01,2021-10-01,monthly_invoice,0,Total costs,Total costs,0,Final invoice,2021-09,0,USD,false,2026-08-28T18:03:19Z
dde050b6fc09fe90a600012c6be2bb66b22a439cb8bd5d6dcdeb0c76100fe24a,aws_invoice_pdf,886800373,8429ab4c5dbe32a4d679f144f3ebad4bc87ebfa6bb642efeee7a0bd1cf871565,AWS Invoice 886800373,2021-11-03T03:28:59.878000+00:00,2021-10-01,2021-11-01,monthly_invoice,0,Total costs,Total costs,0,Final invoice,2021-10,0.01,USD,false,2026-08-28T18:03:19Z
dff08b9a7bf308fdd4f29b225abaccc698f35326957ec3f5cd133f414414abc3,aws_invoice_pdf,886800373,8429ab4c5dbe32a4d679f144f3ebad4bc87ebfa6bb642efeee7a0bd1cf871565,AWS Invoice 886800373,2021-11-03T03:28:59.878000+00:00,2021-10-01,2021-11-01,monthly_invoice,1,Amazon Simple Storage Service,Amazon Simple Storage Service,0,Final invoice,2021-10,0.01,USD,false,2026-08-28T18:03:19Z
399bba96d9f8295ad52f7fd7979f1dced92c6ce844406ac76b88dc8de3ba95a3,aws_invoice_pdf,901643905,b1b712309576795bd7b71aadcb6a493a1349ec3b898d77c4b0b798a716c0d0ba,AWS Invoice 901643905,2021-12-02T15:03:13.700000+00:00,2021-11-01,2021-12-01,monthly_invoice,0,Total costs,Total costs,0,Final invoice,2021-11,0.01,USD,false,2026-08-28T18:03:19Z
f02f0bc9ad414cc97b794f8eaf21c80c52f6458f12dddf84773b5942fa83c0c6,aws_invoice_pdf,901643905,b1b712309576795bd7b71aadcb6a493a1349ec3b898d77c4b0b798a716c0d0ba,AWS Invoice 901643905,2021-12-02T15:03:13.700000+00:00,2021-11-01,2021-12-01,monthly_invoice,1,Amazon Simple Storage Service,Amazon Simple Storage Service,0,Final invoice,2021-11,0.01,USD,false,2026-08-28T18:03:19Z
c70a15ea599cb2ebf4260c84fe69292f0387ac8c63d4d345a800097f712c3ffb,aws_invoice_pdf,921686081,8e7398e91eb47f052d0b46bd927636b8496f1f9c6f86dd88a9e945f115a18e40,AWS Invoice 921686081,2022-01-02T12:22:38.249000+00:00,2021-12-01,2022-01-01,monthly_invoice,0,Total costs,Total costs,0,Final invoice,2021-12,0.01,USD,false,2026-08-28T18:03:19Z
b31751c22bedd183991abeb15ab3c0f0e474c043a04b8de43e05a78ff744618d,aws_invoice_pdf,921686081,8e7398e91eb47f052d0b46bd927636b8496f1f9c6f86dd88a9e945f115a18e40,AWS Invoice 921686081,2022-01-02T12:22:38.249000+00:00,2021-12-01,2022-01-01,monthly_invoice,1,Amazon Simple Storage Service,Amazon Simple Storage Service,0,Final invoice,2021-12,0.01,USD,false,2026-08-28T18:03:19Z
8d63ab67676aa49bcc493bd7f9d769e451ac492dc502f32d8117e9b0adb6fffe,aws_invoice_pdf,950774645,b0a55591b2b0a57a7692a6f9c7b5d4c42ced888d781ce05c56161a58f9bc0b29,AWS Invoice 950774645,2022-02-02T21:27:44.504000+00:00,2022-01-01,2022-02-01,monthly_invoice,0,Total costs,Total costs,0,Final invoice,2022-01,0.01,USD,false,2026-08-28T18:03:19Z
c8e92e2686d6511ddb930d3bf0895952fa2314e5a89bb320e26918d615aece2b,aws_invoice_pdf,950774645,b0a55591b2b0a57a7692a6f9c7b5d4c42ced888d781ce05c56161a58f9bc0b29,AWS Invoice 950774645,2022-02-02T21:27:44.504000+00:00,2022-01-01,2022-02-01,monthly_invoice,1,Amazon Simple Storage Service,Amazon Simple Storage Service,0,Final invoice,2022-01,0.01,USD,false,2026-08-28T18:03:19Z
138b9dc9295d8be6868c80a547a2332a575ea42aeca4b4b74d934b8cb68be847,aws_invoice_pdf,971638805,b731a47067f375fb1d39b2b75ba0ae123987467ac95d65666668c45ebc6c8cc0,AWS Invoice 971638805,2022-03-02T18:03:10.575000+00:00,2022-02-01,2022-03-01,monthly_invoice,0,Total costs,Total costs,0,Final invoice,2022-02,0.01,USD,false,2026-08-28T18:03:19Z
25aaa2d4f8ea2842c7602026073e278a7818099b15b30199aaa59af975e033ba,aws_invoice_pdf,971638805,b731a47067f375fb1d39b2b75ba0ae123987467ac95d65666668c45ebc6c8cc0,AWS Invoice 971638805,2022-03-02T18:03:10.575000+00:00,2022-02-01,2022-03-01,monthly_invoice,1,Amazon Simple Storage Service,Amazon Simple Storage Service,0,Final invoice,2022-02,0.01,USD,false,2026-08-28T18:03:19Z
139f5df7b298a3a066255ae29c73ff24d276e1e28ccd8aa4d34bd57005378a42,aws_invoice_pdf,1009233417,20344c591e9e35d71db124cdd69d33abe4a8d286e775b2ae18197a1344e9f471,AWS Invoice 1009233417,2022-04-03T11:32:19.811000+00:00,2022-03-01,2022-04-01,monthly_invoice,0,Total costs,Total costs,0,Final invoice,2022-03,0.01,USD,false,2026-08-28T18:03:19Z
5390032d4f4a596fe789784f0d51d01ca02f591f104de28a345a2fd148f45a80,aws_invoice_pdf,1009233417,20344c591e9e35d71db124cdd69d33abe4a8d286e775b2ae18197a1344e9f471,AWS Invoice 1009233417,2022-04-03T11:32:19.811000+00:00,2022-03-01,2022-04-01,monthly_invoice,1,Amazon Simple Storage Service,Amazon Simple Storage Service,0,Final invoice,2022-03,0.01,USD,false,2026-08-28T18:03:19Z
67ad0aa539f89c4e4c93433127e3025016df49c3850c4143c44eb358930165e6,aws_invoice_pdf,1025029985,94ec4f514cfa90b94633fc030f8344650e01555d2523f196538fca15e1f12bc1,AWS Invoice 1025029985,2022-05-02T22:26:33.841000+00:00,2022-04-01,2022-05-01,monthly_invoice,0,Total costs,Total costs,0,Final invoice,2022-04,0.01,USD,false,2026-08-28T18:03:19Z
9815a917cfa00e0b6e33ef87ae58945d41fb04992d17ab0bc82bb617c65a46bc,aws_invoice_pdf,1025029985,94ec4f514cfa90b94633fc030f8344650e01555d2523f196538fca15e1f12bc1,AWS Invoice 1025029985,2022-05-02T22:26:33.841000+00:00,2022-04-01,2022-05-01,monthly_invoice,1,Amazon Simple Storage Service,Amazon Simple Storage Service,0,Final invoice,2022-04,0.01,USD,false,2026-08-28T18:03:19Z
1836f39fd3bc133d3fde3af724a5208d07acc0f56fb0e47ecd9bc532f988a7a0,aws_invoice_pdf,1052997637,1d4ca1f6faae975afa313e3410eb40f292e0faae452be0b2572498b4990fc862,AWS Invoice 1052997637,2022-06-03T05:53:26.285000+00:00,2022-05-01,2022-06-01,monthly_invoice,0,Total costs,Total costs,0,Final invoice,2022-05,0.01,USD,false,2026-08-28T18:03:19Z
aeb9c7cb93f394711ceab38b1e40030bf94a1d9206e860ccf9b99c1b1db6d064,aws_invoice_pdf,1052997637,1d4ca1f6faae975afa313e3410eb40f292e0faae452be0b2572498b4990fc862,AWS Invoice 1052997637,2022-06-03T05:53:26.285000+00:00,2022-05-01,2022-06-01,monthly_invoice,1,Amazon Simple Storage Service,Amazon Simple Storage Service,0,Final invoice,2022-05,0.01,USD,false,2026-08-28T18:03:19Z
024920b48e298e91871a8c7de84f78506e49dacba28a1dafd9b1a103543c239e,aws_invoice_pdf,1061546757,5b872aef0fcba4ce5b1d9662d7f702c7b5602dec80d5c5251a346d5f1716fd5a,AWS Invoice 1061546757,2022-07-02T07:43:58.342000+00:00,2022-06-01,2022-07-01,monthly_invoice,0,Total costs,Total costs,0,Final invoice,2022-06,0.01,USD,false,2026-08-28T18:03:19Z
4dbcac8bc20b43bb7792064e67a4e02b8e0ee2dcbbb48f6b0eb725522bd46324,aws_invoice_pdf,1061546757,5b872aef0fcba4ce5b1d9662d7f702c7b5602dec80d5c5251a346d5f1716fd5a,AWS Invoice 1061546757,2022-07-02T07:43:58.342000+00:00,2022-06-01,2022-07-01,monthly_invoice,1,Amazon Simple Storage Service,Amazon Simple Storage Service,0,Final invoice,2022-06,0.01,USD,false,2026-08-28T18:03:19Z
a28b4a2f908f85c64b8465258fe4fe45f9acd6f68a7847ab2da545ee99116e34,aws_invoice_pdf,1089337537,8d149d8c21728754a10d4e0edf482174749e1fcb411edcff457fbf4be869c221,AWS Invoice 1089337537,2022-08-02T21:08:07.390000+00:00,2022-07-01,2022-08-01,monthly_invoice,0,Total costs,Total costs,0,Final invoice,2022-07,0.01,USD,false,2026-08-28T18:03:19Z
8ed4803e347edf2f0831d6306614906848bf98fdadc688d4786633c2b30adce2,aws_invoice_pdf,1089337537,8d149d8c21728754a10d4e0edf482174749e1fcb411edcff457fbf4be869c221,AWS Invoice 1089337537,2022-08-02T21:08:07.390000+00:00,2022-07-01,2022-08-01,monthly_invoice,1,Amazon Simple Storage Service,Amazon Simple Storage Service,0,Final invoice,2022-07,0.01,USD,false,2026-08-28T18:03:19Z
f4c61b09aa44cfdec2ec719af35f6907ab0fad7df13095adef8176cd4e47cbae,aws_invoice_pdf,1114949737,a688ed27900f46f93409f687431fecb6a4839722558d0921ebd1700939d1df82,AWS Invoice 1114949737,2022-09-02T16:20:44.179000+00:00,2022-08-01,2022-09-01,monthly_invoice,0,Total costs,Total costs,0,Final invoice,2022-08,0.01,USD,false,2026-08-28T18:03:19Z
26af68ecd7dff512645c2b173bd45a476360a0fd2d2a9534e516543401583b6a,aws_invoice_pdf,1114949737,a688ed27900f46f93409f687431fecb6a4839722558d0921ebd1700939d1df82,AWS Invoice 1114949737,2022-09-02T16:20:44.179000+00:00,2022-08-01,2022-09-01,monthly_invoice,1,Amazon Simple Storage Service,Amazon Simple Storage Service,0,Final invoice,2022-08,0.01,USD,false,2026-08-28T18:03:19Z
c00308a4543c94adcfa9e67f7696e8427e35b2d613452d2f4295b423aac590a4,aws_invoice_pdf,1143942481,670895c9110289811f34ce56debdf41969d26440eccb8e99c80f3f7572010d8d,AWS Invoice 1143942481,2022-10-02T18:57:47.146000+00:00,2022-09-01,2022-10-01,monthly_invoice,0,Total costs,Total costs,0,Final invoice,2022-09,0.01,USD,false,2026-08-28T18:03:19Z
1c667ab8a16a1a029ae4cea466c507f0b6d3f0d132b6a9a67d8183caea880863,aws_invoice_pdf,1143942481,670895c9110289811f34ce56debdf41969d26440eccb8e99c80f3f7572010d8d,AWS Invoice 1143942481,2022-10-02T18:57:47.146000+00:00,2022-09-01,2022-10-01,monthly_invoice,1,Amazon Simple Storage Service,Amazon Simple Storage Service,0,Final invoice,2022-09,0.01,USD,false,2026-08-28T18:03:19Z
ac6910995849c4a0e5d373907da615db046739372117203ba4aac30214384419,aws_invoice_pdf,1164371129,1721d47f3cb9f8d3b7bc2c3a3bcb438900fc39ddd84cb42750ddc8bdfab73fbd,AWS Invoice 1164371129,2022-11-02T11:18:53.498000+00:00,2022-10-01,2022-11-01,monthly_invoice,0,Total costs,Total costs,0,Final invoice,2022-10,0.01,USD,false,2026-08-28T18:03:19Z
be3c08c756454accce6fffa95cd8d88174ddb307327972a1d83686dd3cab6f39,aws_invoice_pdf,1164371129,1721d47f3cb9f8d3b7bc2c3a3bcb438900fc39ddd84cb42750ddc8bdfab73fbd,AWS Invoice 1164371129,2022-11-02T11:18:53.498000+00:00,2022-10-01,2022-11-01,monthly_invoice,1,Amazon Simple Storage Service,Amazon Simple Storage Service,0,Final invoice,2022-10,0.01,USD,false,2026-08-28T18:03:19Z
35570684df0e98da68f67168db8eaa91673d2e63ad91a47cd5629029650279ab,aws_invoice_pdf,1196240937,89f1087ee731a313254111c803418316432b9f531dbd2236ebbb0a1819f8e63b,AWS Invoice 1196240937,2022-12-02T19:07:38.913000+00:00,2022-11-01,2022-12-01,monthly_invoice,0,Total costs,Total costs,0,Final invoice,2022-11,0.01,USD,false,2026-08-28T18:03:19Z
5f8643137e9bf3134e450374f21568c39f6191ad24744967fcfd3b00b7fbaf84,aws_invoice_pdf,1196240937,89f1087ee731a313254111c803418316432b9f531dbd2236ebbb0a1819f8e63b,AWS Invoice 1196240937,2022-12-02T19:07:38.913000+00:00,2022-11-01,2022-12-01,monthly_invoice,1,Amazon Simple Storage Service,Amazon Simple Storage Service,0,Final invoice,2022-11,0.01,USD,false,2026-08-28T18:03:19Z
6ff128a3adaafbdcbccb3a82303e535774e044b9fff1bfc4f8f1c2818dfec74a,aws_invoice_pdf,1223937821,17ddbd3598b5ffdbda2daf1b1790232ac6048bb28ff22b4b672186691434c280,AWS Invoice 1223937821,2023-01-03T03:03:58.138000+00:00,2022-12-01,2023-01-01,monthly_invoice,0,Total costs,Total costs,0,Final invoice,2022-12,0.01,USD,false,2026-08-28T18:03:19Z
0ddeb20a2f983cf5902ca4f0c147be74c4cfc60cd1e95904bf7359e4525acfde,aws_invoice_pdf,1223937821,17ddbd3598b5ffdbda2daf1b1790232ac6048bb28ff22b4b672186691434c280,AWS Invoice 1223937821,2023-01-03T03:03:58.138000+00:00,2022-12-01,2023-01-01,monthly_invoice,1,Amazon Simple Storage Service,Amazon Simple Storage Service,0,Final invoice,2022-12,0.01,USD,false,2026-08-28T18:03:19Z
cb3969673f87bba44a28b2deaab5fb4fd8ce81756036b1050d41d6548677df1f,aws_invoice_pdf,1239929897,c8be294d61ea42838ba24bd2ff6e256a64284ceef12d61961313d5ae6cfb2d9b,AWS Invoice 1239929897,2023-02-02T13:28:10.677000+00:00,2023-01-01,2023-02-01,monthly_invoice,0,Total costs,Total costs,0,Final invoice,2023-01,0.01,USD,false,2026-08-28T18:03:19Z
bafe9afcce921705e1737938b9121e3bab73840bbc7e586a071ab92140e07977,aws_invoice_pdf,1239929897,c8be294d61ea42838ba24bd2ff6e256a64284ceef12d61961313d5ae6cfb2d9b,AWS Invoice 1239929897,2023-02-02T13:28:10.677000+00:00,2023-01-01,2023-02-01,monthly_invoice,1,Amazon Simple Storage Service,Amazon Simple Storage Service,0,Final invoice,2023-01,0.01,USD,false,2026-08-28T18:03:19Z
55f8165e72b663bbf7f4340868c71b8598f22e816b20c5edb47d4a301ea4d53d,aws_invoice_pdf,1270706537,efc034a54bfe821d9ce42b070302fd743dab62928ff2f8907c8148859aba4668,AWS Invoice 1270706537,2023-03-02T17:50:57.979000+00:00,2023-02-01,2023-03-01,monthly_invoice,0,Total costs,Total costs,0,Final invoice,2023-02,0.01,USD,false,2026-08-28T18:03:19Z
7a72ce597bddf989d76f907e133c9b7b36dd40726600c87eec9413f0eb258962,aws_invoice_pdf,1270706537,efc034a54bfe821d9ce42b070302fd743dab62928ff2f8907c8148859aba4668,AWS Invoice 1270706537,2023-03-02T17:50:57.979000+00:00,2023-02-01,2023-03-01,monthly_invoice,1,Amazon Simple Storage Service,Amazon Simple Storage Service,0,Final invoice,2023-02,0.01,USD,false,2026-08-28T18:03:19Z
7f5403cfbbb284af1023be44036290c5379e13ca1fa21830b0e6db694acd3027,aws_invoice_pdf,1303693737,1ea22eb2bf89d56da185dea90e67642036f6dc68f042a93c801fb8f9044beae0,AWS Invoice 1303693737,2023-04-02T22:49:35.692000+00:00,2023-03-01,2023-04-01,monthly_invoice,0,Total costs,Total costs,0,Final invoice,2023-03,0.01,USD,false,2026-08-28T18:03:19Z
9ed4585a349d3ac573efd49aea1affef1c00273b8b8bd359ee883e25bf487b0d,aws_invoice_pdf,1303693737,1ea22eb2bf89d56da185dea90e67642036f6dc68f042a93c801fb8f9044beae0,AWS Invoice 1303693737,2023-04-02T22:49:35.692000+00:00,2023-03-01,2023-04-01,monthly_invoice,1,Amazon Simple Storage Service,Amazon Simple Storage Service,0,Final invoice,2023-03,0.01,USD,false,2026-08-28T18:03:19Z
0df7cf554f66cea2bb66d7fbda2889524142ec49ea378886c6ba21b4f9620d56,aws_invoice_pdf,1331935857,bfdc5d0c9a302cf4a6800f3c4239448aa143e9d58399b96eeb9d4c127a873d92,AWS Invoice 1331935857,2023-05-03T01:36:54.408000+00:00,2023-04-01,2023-05-01,monthly_invoice,0,Total costs,Total costs,0,Final invoice,2023-04,0.01,USD,false,2026-08-28T18:03:19Z
11bdff3face11611e7ab09090abb99ed7146b089c7547376d5c6f3fca83916d3,aws_invoice_pdf,1331935857,bfdc5d0c9a302cf4a6800f3c4239448aa143e9d58399b96eeb9d4c127a873d92,AWS Invoice 1331935857,2023-05-03T01:36:54.408000+00:00,2023-04-01,2023-05-01,monthly_invoice,1,Amazon Simple Storage Service,Amazon Simple Storage Service,0,Final invoice,2023-04,0.01,USD,false,2026-08-28T18:03:19Z
97e2d86c38410c44a99016543a07e8f35ab696940514a8a91f0db0553742366d,aws_invoice_pdf,1356154009,fbc231f895aafa590574eb2770208757b489d9e90353b9cd026aaf1edcf4a979,AWS Invoice 1356154009,2023-06-02T22:57:20.221000+00:00,2023-05-01,2023-06-01,monthly_invoice,0,Total costs,Total costs,0,Final invoice,2023-05,0.01,USD,false,2026-08-28T18:03:19Z
ce7126c37872a9fd0d8d486c963ba8dadbcada6dfd918c2b5f1c3918cffe7c3a,aws_invoice_pdf,1356154009,fbc231f895aafa590574eb2770208757b489d9e90353b9cd026aaf1edcf4a979,AWS Invoice 1356154009,2023-06-02T22:57:20.221000+00:00,2023-05-01,2023-06-01,monthly_invoice,1,Amazon Simple Storage Service,Amazon Simple Storage Service,0,Final invoice,2023-05,0.01,USD,false,2026-08-28T18:03:19Z
338b1b8e6593607702a7a35240187cba95f5803ad8320c55d7b28264d881cba7,aws_invoice_pdf,1377225285,20279e2b006b58b5776b62e3d5e20460d975a2d9f7e358b5b825d9f200052214,AWS Invoice 1377225285,2023-07-02T15:54:01.663000+00:00,2023-06-01,2023-07-01,monthly_invoice,0,Total costs,Total costs,0,Final invoice,2023-06,0.01,USD,false,2026-08-28T18:03:19Z
a852d705ad66eed378144bf2c27d4969244d2d3684b968eb66a43a8ddf3d61fa,aws_invoice_pdf,1377225285,20279e2b006b58b5776b62e3d5e20460d975a2d9f7e358b5b825d9f200052214,AWS Invoice 1377225285,2023-07-02T15:54:01.663000+00:00,2023-06-01,2023-07-01,monthly_invoice,1,Amazon Simple Storage Service,Amazon Simple Storage Service,0,Final invoice,2023-06,0.01,USD,false,2026-08-28T18:03:19Z
cecac52a550877eed1d04bac10488833abb26d14cd79105cc5aefce8582f9b3d,aws_invoice_pdf,1405800129,093eee3b44b9890674047fe2f9da56e3a90e271e96b5ead6ff5fa40eabc6cf2e,AWS Invoice 1405800129,2023-08-02T21:39:21.052000+00:00,2023-07-01,2023-08-01,monthly_invoice,0,Total costs,Total costs,0,Final invoice,2023-07,0.01,USD,false,2026-08-28T18:03:19Z
cd92aef92b99a4d89a59840eb1105a5eb0c5afa4a140eaee689f76ea6f84a8a7,aws_invoice_pdf,1405800129,093eee3b44b9890674047fe2f9da56e3a90e271e96b5ead6ff5fa40eabc6cf2e,AWS Invoice 1405800129,2023-08-02T21:39:21.052000+00:00,2023-07-01,2023-08-01,monthly_invoice,1,Amazon Simple Storage Service,Amazon Simple Storage Service,0,Final invoice,2023-07,0.01,USD,false,2026-08-28T18:03:19Z
5b9803d33cb6cf8d67106bbff58fe75eb29c672d2ffe585023cfde02f861abcc,aws_invoice_pdf,1430251393,abde467cac2631e070fb0fc37922800beb01c929741e32a9240b011cc077785c,AWS Invoice 1430251393,2023-09-02T20:42:05.374000+00:00,2023-08-01,2023-09-01,monthly_invoice,0,Total costs,Total costs,0,Final invoice,2023-08,0.01,USD,false,2026-08-28T18:03:19Z
1ffe200db50b1e6bb6074e915f9cf234b7ee193a624910d1db0849c57b935871,aws_invoice_pdf,1430251393,abde467cac2631e070fb0fc37922800beb01c929741e32a9240b011cc077785c,AWS Invoice 1430251393,2023-09-02T20:42:05.374000+00:00,2023-08-01,2023-09-01,monthly_invoice,1,Amazon Simple Storage Service,Amazon Simple Storage Service,0,Final invoice,2023-08,0.01,USD,false,2026-08-28T18:03:19Z
3eca4a8e901f0932d3dd8fbf750379b65a8960fabe9a7c5f5199d5b7661e0113,aws_invoice_pdf,1455605885,2b04b9d9744357580a12568657d43a25766390a6444a69b8e72b03f56488ca09,AWS Invoice 1455605885,2023-10-02T18:47:24.213000+00:00,2023-09-01,2023-10-01,monthly_invoice,0,Total costs,Total costs,0,Final invoice,2023-09,0.01,USD,false,2026-08-28T18:03:19Z
b1ca3854a9f21ba00119263c4d588d1d0c96dc16853a158c639111bcd0052448,aws_invoice_pdf,1455605885,2b04b9d9744357580a12568657d43a25766390a6444a69b8e72b03f56488ca09,AWS Invoice 1455605885,2023-10-02T18:47:24.213000+00:00,2023-09-01,2023-10-01,monthly_invoice,1,Amazon Simple Storage Service,Amazon Simple Storage Service,0,Final invoice,2023-09,0.01,USD,false,2026-08-28T18:03:19Z
644b4612119d692b01e1117ad8ac69b138095fbd17c581e5410acf16caeb87e8,aws_invoice_pdf,1477308065,4968c8cdbee0560335b286826a8bf2529b3aca4b545853dc7f4ebf38ae491391,AWS Invoice 1477308065,2023-11-02T13:09:55.990000+00:00,2023-10-01,2023-11-01,monthly_invoice,0,Total costs,Total costs,0,Final invoice,2023-10,0.01,USD,false,2026-08-28T18:03:19Z
9d5d7186fb84dbab554e6e18a386663d337f5294ed30737758c153839f3f743a,aws_invoice_pdf,1477308065,4968c8cdbee0560335b286826a8bf2529b3aca4b545853dc7f4ebf38ae491391,AWS Invoice 1477308065,2023-11-02T13:09:55.990000+00:00,2023-10-01,2023-11-01,monthly_invoice,1,Amazon Simple Storage Service,Amazon Simple Storage Service,0,Final invoice,2023-10,0.01,USD,false,2026-08-28T18:03:19Z
b24a378a85858ae7e9715a92778fc5086a0fdc1602ac9912b8fadfe062512700,aws_invoice_pdf,1514095621,46229bf785ba91edcd42df5256294c7b5df1c7b9576d92d6c98024af8e17520c,AWS Invoice 1514095621,2023-12-03T00:41:55.135000+00:00,2023-11-01,2023-12-01,monthly_invoice,0,Total costs,Total costs,0,Final invoice,2023-11,0.01,USD,false,2026-08-28T18:03:19Z
1c4641fa70d59d15ee817eb2cfac64c392a345681689e83f7274e05804145485,aws_invoice_pdf,1514095621,46229bf785ba91edcd42df5256294c7b5df1c7b9576d92d6c98024af8e17520c,AWS Invoice 1514095621,2023-12-03T00:41:55.135000+00:00,2023-11-01,2023-12-01,monthly_invoice,1,Amazon Simple Storage Service,Amazon Simple Storage Service,0,Final invoice,2023-11,0.01,USD,false,2026-08-28T18:03:19Z
5ce2522d0a722be2c5bb99996e9bb983ceb51e6feb88e165629f25b806839172,aws_invoice_pdf,1543587885,60d565cb606cc7c3119110d9d828b1ec313fed113f7240bf4663fa676cd65f51,AWS Invoice 1543587885,2024-01-02T16:51:44.973000+00:00,2023-12-01,2024-01-01,monthly_invoice,0,Total costs,Total costs,0,Final invoice,2023-12,0.01,USD,false,2026-08-28T18:03:19Z
1c52ce10990ee6be044ea87caaff06a1d833e39dbb61d210b628f7419b696de0,aws_invoice_pdf,1543587885,60d565cb606cc7c3119110d9d828b1ec313fed113f7240bf4663fa676cd65f51,AWS Invoice 1543587885,2024-01-02T16:51:44.973000+00:00,2023-12-01,2024-01-01,monthly_invoice,1,Amazon Simple Storage Service,Amazon Simple Storage Service,0,Final invoice,2023-12,0.01,USD,false,2026-08-28T18:03:19Z
fa17831fdda5cc17c6db02b2420c2a40af285cbf3852ad536778b9846602f06a,aws_invoice_pdf,1588841589,7dc588d02f164b604ca06a7222db30b4e57531bc04f894f353df113b80359da6,AWS Invoice 1588841589,2024-02-03T02:36:04.399000+00:00,2024-01-01,2024-02-01,monthly_invoice,0,Total costs,Total costs,0,Final invoice,2024-01,0.01,USD,false,2026-08-28T18:03:19Z
bf4bdbe41cef2e7e5488e9ab8c531d0a5a61db90d19ca613ca4d78b05de90066,aws_invoice_pdf,1588841589,7dc588d02f164b604ca06a7222db30b4e57531bc04f894f353df113b80359da6,AWS Invoice 1588841589,2024-02-03T02:36:04.399000+00:00,2024-01-01,2024-02-01,monthly_invoice,1,Amazon Simple Storage Service,Amazon Simple Storage Service,0,Final invoice,2024-01,0.01,USD,false,2026-08-28T18:03:19Z
d23a18caf130d7a7caa5073a966d6ac1a7dc307eeebe1da80150a39ef08a9f3c,aws_invoice_pdf,1608292053,c406848767861f6bb5b312f4f90260231ff752d2f1394a5f7ef79304ff87057d,AWS Invoice 1608292053,2024-03-02T12:00:16.897000+00:00,2024-02-01,2024-03-01,monthly_invoice,0,Total costs,Total costs,0,Final invoice,2024-02,0.01,USD,false,2026-08-28T18:03:19Z
b78254579d8e45f066e4d0066aa7f0ebc4b62f22d10e051d913775d17d32e95d,aws_invoice_pdf,1608292053,c406848767861f6bb5b312f4f90260231ff752d2f1394a5f7ef79304ff87057d,AWS Invoice 1608292053,2024-03-02T12:00:16.897000+00:00,2024-02-01,2024-03-01,monthly_invoice,1,Amazon Simple Storage Service,Amazon Simple Storage Service,0,Final invoice,2024-02,0.01,USD,false,2026-08-28T18:03:19Z
60896c22a6bf3bbd082be38016964e1d15cada6b8da9719b4bf0dc552501e061,aws_invoice_pdf,1647995237,768d60047629f0a094ce029dfb6148bc685b75e2f877de173e07e12a60433d47,AWS Invoice 1647995237,2024-04-02T20:27:06.610000+00:00,2024-03-01,2024-04-01,monthly_invoice,0,Total costs,Total costs,0,Final invoice,2024-03,0.01,USD,false,2026-08-28T18:03:19Z
f40f8ed763efc33e5438812bc11e16625df426b771649071771a635c254144b6,aws_invoice_pdf,1647995237,768d60047629f0a094ce029dfb6148bc685b75e2f877de173e07e12a60433d47,AWS Invoice 1647995237,2024-04-02T20:27:06.610000+00:00,2024-03-01,2024-04-01,monthly_invoice,1,Amazon Simple Storage Service,Amazon Simple Storage Service,0,Final invoice,2024-03,0.01,USD,false,2026-08-28T18:03:19Z
067b45ff685a62371f34a7105419e1d478b07330a59fb49397337ff2bc3fddec,aws_invoice_pdf,1682017497,917334cd281207391675ec3c9d0799dcac632272761e9eef866b90b6eb4bb658,AWS Invoice 1682017497,2024-05-02T16:30:51.230000+00:00,2024-04-01,2024-05-01,monthly_invoice,0,Total costs,Total costs,0,Final invoice,2024-04,0.01,USD,false,2026-08-28T18:03:19Z
d9d75b747868abc801b16ab0b9d1f5dd54f24e41f6efe4fa2a1fa7fee9c7aabf,aws_invoice_pdf,1682017497,917334cd281207391675ec3c9d0799dcac632272761e9eef866b90b6eb4bb658,AWS Invoice 1682017497,2024-05-02T16:30:51.230000+00:00,2024-04-01,2024-05-01,monthly_invoice,1,Amazon Simple Storage Service,Amazon Simple Storage Service,0,Final invoice,2024-04,0.01,USD,false,2026-08-28T18:03:19Z
f3e0fd83dbb9a622b3f80d9d5702116f78947ae63c87c2cd16e80783314be92a,aws_invoice_pdf,1719824181,b92074435547dc458e1a420d2cd68ebec3022cfa6da4870c29b17b6e59700ec3,AWS Invoice 1719824181,2024-06-02T19:09:09.177000+00:00,2024-05-01,2024-06-01,monthly_invoice,0,Total costs,Total costs,0,Final invoice,2024-05,0.01,USD,false,2026-08-28T18:03:19Z
c2b491cfdc267db01c874ffd4f9c11d88a050dad26719950957bd0501316e072,aws_invoice_pdf,1719824181,b92074435547dc458e1a420d2cd68ebec3022cfa6da4870c29b17b6e59700ec3,AWS Invoice 1719824181,2024-06-02T19:09:09.177000+00:00,2024-05-01,2024-06-01,monthly_invoice,1,Amazon Simple Storage Service,Amazon Simple Storage Service,0,Final invoice,2024-05,0.01,USD,false,2026-08-28T18:03:19Z
423e1ceb297dba01dca5fa024d46e991520167b94ad348123147d7b9c11b1d63,aws_invoice_pdf,1754466349,0672ce0c5b448ecf7ffdf1170638a5bf3aeba260d921a0dba068158842ce9ef8,AWS Invoice 1754466349,2024-07-02T16:15:17.531000+00:00,2024-06-01,2024-07-01,monthly_invoice,0,Total costs,Total costs,0,Final invoice,2024-06,0.01,USD,false,2026-08-28T18:03:19Z
d6672aa638cb3d60add0755212c538b8c8d154b324e7e56e6ef919ed06f3f844,aws_invoice_pdf,1754466349,0672ce0c5b448ecf7ffdf1170638a5bf3aeba260d921a0dba068158842ce9ef8,AWS Invoice 1754466349,2024-07-02T16:15:17.531000+00:00,2024-06-01,2024-07-01,monthly_invoice,1,Amazon Simple Storage Service,Amazon Simple Storage Service,0,Final invoice,2024-06,0.01,USD,false,2026-08-28T18:03:19Z
94cb99936d7a9e9097323e11cfab1a27512af783072427088da2826aae2c271b,aws_invoice_pdf,1796342637,9bfa56d24e399238db362c34bcc5d0b75e9ab49058884f2a6b9ef106040ab572,AWS Invoice 1796342637,2024-08-02T19:47:00.818000+00:00,2024-07-01,2024-08-01,monthly_invoice,0,Total costs,Total costs,0,Final invoice,2024-07,0.01,USD,false,2026-08-28T18:03:19Z
f8dfd4907d6f7a1a634e9b710172427a7fd763687caf4518b959dc89293324bf,aws_invoice_pdf,1796342637,9bfa56d24e399238db362c34bcc5d0b75e9ab49058884f2a6b9ef106040ab572,AWS Invoice 1796342637,2024-08-02T19:47:00.818000+00:00,2024-07-01,2024-08-01,monthly_invoice,1,Amazon Simple Storage Service,Amazon Simple Storage Service,0,Final invoice,2024-07,0.01,USD,false,2026-08-28T18:03:19Z
5cce61f1b5a761d9e81d629b559d180bb0fa5cbf6e2518163ae71b6c0a2ac2c0,aws_invoice_pdf,1834839329,e520bbe134277edf5c6b0363a5b992a3964ec131f37d879aaaa1f4e0515b492d,AWS Invoice 1834839329,2024-09-02T19:31:03.046000+00:00,2024-08-01,2024-09-01,monthly_invoice,0,Total costs,Total costs,0,Final invoice,2024-08,0.01,USD,false,2026-08-28T18:03:19Z
06032179917c675eade8ede6eb5a411896831ce4aba85fec0a9035af0bb709bd,aws_invoice_pdf,1834839329,e520bbe134277edf5c6b0363a5b992a3964ec131f37d879aaaa1f4e0515b492d,AWS Invoice 1834839329,2024-09-02T19:31:03.046000+00:00,2024-08-01,2024-09-01,monthly_invoice,1,Amazon Simple Storage Service,Amazon Simple Storage Service,0,Final invoice,2024-08,0.01,USD,false,2026-08-28T18:03:19Z
f4179fc7d611006228c7db056afdeb36131623a43077bf6be0e08d60da0ebbd4,aws_invoice_pdf,1874425413,0ba0c6146033229f47de125c92ee1c82ad108ab7bca17da121975f877af40d3e,AWS Invoice 1874425413,2024-10-02T18:56:13.395000+00:00,2024-09-01,2024-10-01,monthly_invoice,0,Total costs,Total costs,0,Final invoice,2024-09,0.01,USD,false,2026-08-28T18:03:19Z
f2351bfed76298c3a53598c6f9b48acc7e83d7d4ebfc33934c329cef2e47bfcb,aws_invoice_pdf,1874425413,0ba0c6146033229f47de125c92ee1c82ad108ab7bca17da121975f877af40d3e,AWS Invoice 1874425413,2024-10-02T18:56:13.395000+00:00,2024-09-01,2024-10-01,monthly_invoice,1,Amazon Simple Storage Service,Amazon Simple Storage Service,0,Final invoice,2024-09,0.01,USD,false,2026-08-28T18:03:19Z
194d43793f2e07072dee52e43180545b3247197013ecb254ff5fd7fc91beeace,aws_invoice_pdf,1920320565,ddc9da112ffba9a1a2b7064b7ba5923f994b4d3d75331ccdfdccf3d59f2a6bab,AWS Invoice 1920320565,2024-11-02T20:14:11.150000+00:00,2024-10-01,2024-11-01,monthly_invoice,0,Total costs,Total costs,0,Final invoice,2024-10,0.01,USD,false,2026-08-28T18:03:19Z
0e7b20659169db706e172cc26dd8f0453cb6900f00eb1b444438abc0bfb9b660,aws_invoice_pdf,1920320565,ddc9da112ffba9a1a2b7064b7ba5923f994b4d3d75331ccdfdccf3d59f2a6bab,AWS Invoice 1920320565,2024-11-02T20:14:11.150000+00:00,2024-10-01,2024-11-01,monthly_invoice,1,Amazon Simple Storage Service,Amazon Simple Storage Service,0,Final invoice,2024-10,0.01,USD,false,2026-08-28T18:03:19Z
40f882b313b81cefd6fcf692895c55df5b72538c81039475c044e4ed0bc7c9bc,aws_invoice_pdf,1948735573,0569de84d7648cc02707a8578f82dd509e36c3cf1a4886dd0aab6e588818303b,AWS Invoice 1948735573,2024-12-02T13:40:19.111000+00:00,2024-11-01,2024-12-01,monthly_invoice,0,Total costs,Total costs,0,Final invoice,2024-11,0.01,USD,false,2026-08-28T18:03:19Z
b6f9acbc3bf4b564680fbd8177f173769044b41827c34baae2ff12d0519aa6ef,aws_invoice_pdf,1948735573,0569de84d7648cc02707a8578f82dd509e36c3cf1a4886dd0aab6e588818303b,AWS Invoice 1948735573,2024-12-02T13:40:19.111000+00:00,2024-11-01,2024-12-01,monthly_invoice,1,Amazon Simple Storage Service,Amazon Simple Storage Service,0,Final invoice,2024-11,0.01,USD,false,2026-08-28T18:03:19Z
39b7c1e8d9f27901bbfcc6108ccd61762ba146c6469e31c9925f2a7322e9f1f6,aws_invoice_pdf,2007494565,c52b88ab939b3d1f32b87dbeaeee8f96cc8d46216a72bc7b21926e21bba81b91,AWS Invoice 2007494565,2025-01-03T02:10:36.573000+00:00,2024-12-01,2025-01-01,monthly_invoice,0,Total costs,Total costs,0,Final invoice,2024-12,0.01,USD,false,2026-08-28T18:03:19Z
d73a2da3ae854045c83088c678027cc8af6290f4954c1bb7a6ced229fcaaaf9e,aws_invoice_pdf,2007494565,c52b88ab939b3d1f32b87dbeaeee8f96cc8d46216a72bc7b21926e21bba81b91,AWS Invoice 2007494565,2025-01-03T02:10:36.573000+00:00,2024-12-01,2025-01-01,monthly_invoice,1,Amazon Simple Storage Service,Amazon Simple Storage Service,0,Final invoice,2024-12,0.01,USD,false,2026-08-28T18:03:19Z
c4268ab5d33c3191df4bcb5e809b18f31e04200898ae91e249cf231ed3e61013,aws_invoice_pdf,2046064157,146589bda3ef4769a9011ccc8a33eb9db4cd7a2a4d3c43a027f84aa5126c2edf,AWS Invoice 2046064157,2025-02-02T21:05:05.691000+00:00,2025-01-01,2025-02-01,monthly_invoice,0,Total costs,Total costs,0,Final invoice,2025-01,0.01,USD,false,2026-08-28T18:03:19Z
e3e2cbfc12ea7f72bc11af862e25d8127891cbc78a0b67273b6884d8e2ddfa66,aws_invoice_pdf,2046064157,146589bda3ef4769a9011ccc8a33eb9db4cd7a2a4d3c43a027f84aa5126c2edf,AWS Invoice 2046064157,2025-02-02T21:05:05.691000+00:00,2025-01-01,2025-02-01,monthly_invoice,1,Amazon Simple Storage Service,Amazon Simple Storage Service,0,Final invoice,2025-01,0.01,USD,false,2026-08-28T18:03:19Z
6dfe83912b877fa3a41135007a428bab58277d24c8109c9e837395b5c67a77e8,aws_invoice_pdf,2082207977,53b4f000b4b338723780ae5cde7ec066487a22c7ff972ebf86a3d6cbf7a9700b,AWS Invoice 2082207977,2025-03-02T20:02:30.066000+00:00,2025-02-01,2025-03-01,monthly_invoice,0,Total costs,Total costs,0,Final invoice,2025-02,0.01,USD,false,2026-08-28T18:03:19Z
4e77064fb812783901608c668ade1742c25bce37b30231a85b4a0db598ebd9c1,aws_invoice_pdf,2082207977,53b4f000b4b338723780ae5cde7ec066487a22c7ff972ebf86a3d6cbf7a9700b,AWS Invoice 2082207977,2025-03-02T20:02:30.066000+00:00,2025-02-01,2025-03-01,monthly_invoice,1,Amazon Simple Storage Service,Amazon Simple Storage Service,0,Final invoice,2025-02,0.01,USD,false,2026-08-28T18:03:19Z
0871ca82e5acc54e486fb48107ae44fd3d9f075240a1335e5c8a21f7602afba3,aws_invoice_pdf,2110793797,6e32fa3c3c1778be3df9c82eb25c467681f17e3b01e9c6740206fc6bd56bfe35,AWS Invoice 2110793797,2025-04-02T08:43:51.925000+00:00,2025-03-01,2025-04-01,monthly_invoice,0,Total costs,Total costs,0,Final invoice,2025-03,0.01,USD,false,2026-08-28T18:03:19Z
d9095cc863ca3320d0763141fe272ca4d153621e675d34c10a4e77183e23046c,aws_invoice_pdf,2110793797,6e32fa3c3c1778be3df9c82eb25c467681f17e3b01e9c6740206fc6bd56bfe35,AWS Invoice 2110793797,2025-04-02T08:43:51.925000+00:00,2025-03-01,2025-04-01,monthly_invoice,1,Amazon Simple Storage Service,Amazon Simple Storage Service,0,Final invoice,2025-03,0.01,USD,false,2026-08-28T18:03:19Z
58037846f4959b9a378e5e9e6be9151b7cdf5d61524675ed4e9bb09177071dec,aws_invoice_pdf,2157226769,d85a2c5c5e934997bbdfced6899ed330a08a61a6f7cba7e8a57c8045f6d401c6,AWS Invoice 2157226769,2025-05-03T01:45:36.385000+00:00,2025-04-01,2025-05-01,monthly_invoice,0,Total costs,Total costs,0,Final invoice,2025-04,0.01,USD,false,2026-08-28T18:03:19Z
090526c3acb14371f19abbae61b95ebc4d767c2a9ba8c92d60c39b32217a29a9,aws_invoice_pdf,2157226769,d85a2c5c5e934997bbdfced6899ed330a08a61a6f7cba7e8a57c8045f6d401c6,AWS Invoice 2157226769,2025-05-03T01:45:36.385000+00:00,2025-04-01,2025-05-01,monthly_invoice,1,Amazon Simple Storage Service,Amazon Simple Storage Service,0,Final invoice,2025-04,0.01,USD,false,2026-08-28T18:03:19Z
ad0ab0a704de1b75e0141bac77682a41c3d640ea3f0dad4cd4e5b841a46ab550,aws_invoice_pdf,2176601749,87511b4bb07a2d4f8b32e3ff593bae83fa582b11eaf915363f8778f4b84765f2,AWS Invoice 2176601749,2025-06-01T23:40:50.904000+00:00,2025-05-01,2025-06-01,monthly_invoice,0,Total costs,Total costs,0,Final invoice,2025-05,0.01,USD,false,2026-08-28T18:03:19Z
2f1cb55cd4ca2ac4e7e32beef67859f550d28af56934337747be8f211cb849db,aws_invoice_pdf,2176601749,87511b4bb07a2d4f8b32e3ff593bae83fa582b11eaf915363f8778f4b84765f2,AWS Invoice 2176601749,2025-06-01T23:40:50.904000+00:00,2025-05-01,2025-06-01,monthly_invoice,1,Amazon Simple Storage Service,Amazon Simple Storage Service,0,Final invoice,2025-05,0.01,USD,false,2026-08-28T18:03:19Z
